,,,Communication History Report,,,,,,,
,,,5/29/18 10:28 AM,,,,,,,
"* Maximum 50,000 records",,,,,,,,,,
Date Time From,,,Date Time To,,,,,,,
Duration From,,,Duration To,,,,,,,
Calling Number,,,,,,,,,,
Category,,,,,,,,,,
ResourceAOR,,,,,,,,,,
User,,,,,,,,,,
Call Type,,,,,,,,,,
Call Usage,,,,,,,,,,
Destination,,,,,,,,,,
Priority,,,,,,,,,,
History,Full,,,,,,,,,
Date/Time,User,Call Type,EventType,From,To,Duration,RingTime,PTT Duration,ConnectionID,AnsweringPartyName
Enterprise Call Id,,,,,,,,,,
29/05/2018 10:27:10,pperez,resource,Missed,3174403051,3174403051,00:00:00,13,0,,NULL
Enterprise Call Id,Call_264_192.168.33.164_1527607407966,,,,,,,,,
29/05/2018 10:23:32,pperez,resource,Received,3174403051,3174403051,00:00:03,4,0,Conn_475_192.168.33.164_1527607412180,NULL
Enterprise Call Id,,,,,,,,,,
29/05/2018 10:21:28,pperez,resource,Missed,3174403051,3174403051,00:00:00,7,0,,NULL
Enterprise Call Id,Call_259_192.168.33.164_1527607161478,,,,,,,,,
29/05/2018 10:19:21,pperez,resource,Initiated,1450,0033174403051,00:00:12,7,0,Conn_465_192.168.33.164_1527607161466,NULL
Enterprise Call Id,Call_258_192.168.33.164_1527607150040,,,,,,,,,
29/05/2018 10:19:10,pperez,resource,Initiated,1450,0033174403051,00:00:00,0,0,Conn_463_192.168.33.164_1527607150028,NULL
Enterprise Call Id,Call_255_192.168.33.164_1527606324148,,,,,,,,,
29/05/2018 10:05:28,pperez,record,Received,NiceCssDaSipRecorder,1450,00:17:20,4,0,Conn_459_192.168.33.164_1527606324148,NULL
Enterprise Call Id,Call_256_192.168.33.164_1527606324153,,,,,,,,,
29/05/2018 10:05:28,pperez,record,Received,NiceCssDaSipRecorder,1450,00:17:20,4,0,Conn_460_192.168.33.164_1527606324153,NULL
Enterprise Call Id,Call_257_192.168.33.164_1527606324160,,,,,,,,,
29/05/2018 10:05:28,pperez,record,Received,NiceCssDaSipRecorder,1450,00:17:20,4,0,Conn_462_192.168.33.164_1527606324160,NULL
Enterprise Call Id,,,,,,,,,,
29/05/2018 09:33:04,LineUser_CH,resource,Line,5559,1450,00:00:00,1,0,,NULL
25/05/2018 18:44:42,pperez,resource,Missed,3174403051,3174403051,00:00:00,11,0,,NULL
Enterprise Call Id,Call_249_192.168.33.164_1527291834329,,,,,,,,,
25/05/2018 18:43:57,pperez,resource,Received,3193554385,3193554385,00:00:02,2,0,Conn_448_192.168.33.164_1527291837283,NULL
Enterprise Call Id,Call_248_192.168.33.164_1527291746578,,,,,,,,,
25/05/2018 18:42:32,pperez,resource,Received,3174403051,3174403051,00:00:03,5,0,Conn_446_192.168.33.164_1527291752333,NULL
Enterprise Call Id,Call_246_192.168.33.164_1527291564494,,,,,,,,,
25/05/2018 18:39:27,pperez,record,Received,NiceCssDaSipRecorder,1450,00:07:05,2,0,Conn_443_192.168.33.164_1527291564494,NULL
Enterprise Call Id,Call_247_192.168.33.164_1527291564499,,,,,,,,,
25/05/2018 18:39:27,pperez,record,Received,NiceCssDaSipRecorder,1450,00:07:05,2,0,Conn_444_192.168.33.164_1527291564499,NULL
Enterprise Call Id,Call_245_192.168.33.164_1527291564489,,,,,,,,,
25/05/2018 18:39:27,pperez,record,Received,NiceCssDaSipRecorder,1450,00:07:05,2,0,Conn_441_192.168.33.164_1527291564489,NULL
Enterprise Call Id,Call_241_192.168.33.164_1527291001689,,,,,,,,,
25/05/2018 18:31:15,pperez,resource,Initiated,3174403051,3174403051,00:00:15,0,0,Conn_438_192.168.33.164_1527291075161,NULL
Enterprise Call Id,Call_243_192.168.33.164_1527291052813,,,,,,,,,
25/05/2018 18:30:58,pperez,resource,Received,3174403051,1450,00:00:12,5,0,Conn_437_192.168.33.164_1527291058005,NULL
Enterprise Call Id,Call_242_192.168.33.164_1527291052804,,,,,,,,,
25/05/2018 18:30:53,LineUser_CH,resource,Line,3174403051,3174403051,00:00:00,0,0,Conn_435_192.168.33.164_1527291052805,NULL
Enterprise Call Id,,,,,,,,,,
25/05/2018 18:30:53,pperez,resource,Missed,3174403051,3174403051,00:00:00,0,0,,NULL
Enterprise Call Id,Call_241_192.168.33.164_1527291001689,,,,,,,,,
25/05/2018 18:30:02,pperez,resource,Initiated,3174403051,0033138147233,00:00:56,9,0,Conn_432_192.168.33.164_1527291001675,NULL
Enterprise Call Id,Call_240_192.168.33.164_1527290982477,,,,,,,,,
25/05/2018 18:29:42,pperez,resource,Initiated,3174403051,003319554385,00:00:01,1,0,Conn_430_192.168.33.164_1527290982464,NULL
Enterprise Call Id,Call_236_192.168.33.164_1527290793949,,,,,,,,,
25/05/2018 18:26:55,pperez,resource,Initiated,3174403051,3174403051,00:00:14,0,0,Conn_429_192.168.33.164_1527290815171,NULL
Enterprise Call Id,Call_238_192.168.33.164_1527290802139,,,,,,,,,
25/05/2018 18:26:49,pperez,resource,Received,3174403051,1450,00:00:05,6,0,Conn_428_192.168.33.164_1527290808648,NULL
Enterprise Call Id,Call_237_192.168.33.164_1527290802123,,,,,,,,,
25/05/2018 18:26:42,LineUser_CH,resource,Line,3174403051,3174403051,00:00:00,0,0,Conn_426_192.168.33.164_1527290802124,NULL
Enterprise Call Id,,,,,,,,,,
25/05/2018 18:26:42,pperez,resource,Missed,3174403051,3174403051,00:00:00,0,0,,NULL
Enterprise Call Id,Call_236_192.168.33.164_1527290793949,,,,,,,,,
25/05/2018 18:26:34,pperez,resource,Initiated,3174403051,05935500,00:00:14,1,0,Conn_423_192.168.33.164_1527290793937,NULL
Enterprise Call Id,Call_235_192.168.33.164_1527290696957,,,,,,,,,
25/05/2018 18:24:57,pperez,resource,Initiated,3174403051,05935500,00:00:14,1,0,Conn_420_192.168.33.164_1527290696945,NULL
Enterprise Call Id,Call_234_192.168.33.164_1527290605001,,,,,,,,,
25/05/2018 18:23:25,pperez,resource,Initiated,3174403051,05935500,00:00:25,1,0,Conn_418_192.168.33.164_1527290604987,NULL
Enterprise Call Id,Call_233_192.168.33.164_1527290430880,,,,,,,,,
25/05/2018 18:20:31,pperez,resource,Initiated,59335500,05935500,00:00:38,1,0,Conn_416_192.168.33.164_1527290430866,NULL
Enterprise Call Id,Call_232_192.168.33.164_1527289992053,,,,,,,,,
25/05/2018 18:13:12,pperez,resource,Initiated,3193554385,003319554385,00:00:28,28,0,Conn_414_192.168.33.164_1527289992040,NULL
Enterprise Call Id,Call_231_192.168.33.164_1527289956394,,,,,,,,,
25/05/2018 18:12:36,pperez,resource,Initiated,3193554385,003319554385,00:00:23,23,0,Conn_412_192.168.33.164_1527289956383,NULL
Enterprise Call Id,Call_230_192.168.33.164_1527289873200,,,,,,,,,
25/05/2018 18:11:13,pperez,resource,Initiated,3174403051,0033174403051,00:00:11,4,0,Conn_410_192.168.33.164_1527289873186,NULL
Enterprise Call Id,Call_229_192.168.33.164_1527289859204,,,,,,,,,
25/05/2018 18:11:03,pperez,resource,Received,3174403051,3174403051,00:00:02,3,0,Conn_409_192.168.33.164_1527289862966,NULL
Enterprise Call Id,Call_228_192.168.33.164_1527289768979,,,,,,,,,
25/05/2018 18:09:33,pperez,resource,Received,3193554385,3193554385,00:00:13,4,0,Conn_407_192.168.33.164_1527289773361,NULL
Enterprise Call Id,Call_227_192.168.33.164_1527289340261,,,,,,,,,
25/05/2018 18:02:25,pperez,resource,Received,3174403051,3174403051,00:00:09,4,0,Conn_405_192.168.33.164_1527289344597,NULL
Enterprise Call Id,,,,,,,,,,
25/05/2018 17:57:16,pperez,resource,Missed,3174403051,3174403051,00:00:00,8,0,,NULL
Enterprise Call Id,Call_225_192.168.33.164_1527288938054,,,,,,,,,
25/05/2018 17:55:46,pperez,resource,Received,3174403051,3174403051,00:00:04,7,0,Conn_402_192.168.33.164_1527288945674,NULL
Enterprise Call Id,Call_224_192.168.33.164_1527288884069,,,,,,,,,
25/05/2018 17:54:52,pperez,resource,Received,3174403051,3174403051,00:00:06,8,0,Conn_400_192.168.33.164_1527288892426,NULL
Enterprise Call Id,,,,,,,,,,
25/05/2018 17:53:42,pperez,resource,Missed,80,1450,00:00:00,22,0,,NULL
25/05/2018 17:52:28,pperez,resource,Missed,3174403051,1450,00:00:00,7,0,,NULL
Enterprise Call Id,Call_219_192.168.33.164_1527288720034,,,,,,,,,
25/05/2018 17:52:02,pperez,record,Received,NiceCssDaSipRecorder,1450,00:47:15,2,0,Conn_392_192.168.33.164_1527288720034,NULL
Enterprise Call Id,Call_220_192.168.33.164_1527288720041,,,,,,,,,
25/05/2018 17:52:02,pperez,record,Received,NiceCssDaSipRecorder,1450,00:47:15,2,0,Conn_395_192.168.33.164_1527288720040,NULL
Enterprise Call Id,Call_221_192.168.33.164_1527288720044,,,,,,,,,
25/05/2018 17:52:02,pperez,record,Received,NiceCssDaSipRecorder,1450,00:47:15,2,0,Conn_396_192.168.33.164_1527288720044,NULL
Enterprise Call Id,Call_218_192.168.33.164_1527288693080,,,,,,,,,
25/05/2018 17:51:35,pperez,resource,Received,3174403051,1450,00:00:02,2,0,Conn_390_192.168.33.164_1527288695457,NULL
Enterprise Call Id,Call_217_192.168.33.164_1527288522937,,,,,,,,,
25/05/2018 17:48:50,pperez,resource,Received,3174403051,1450,00:00:01,7,0,Conn_388_192.168.33.164_1527288530438,NULL
Enterprise Call Id,Call_216_192.168.33.164_1527287979897,,,,,,,,,
25/05/2018 17:39:45,pperez,resource,Received,3174403051,1450,00:00:05,4,0,Conn_386_192.168.33.164_1527287984486,NULL
Enterprise Call Id,,,,,,,,,,
25/05/2018 17:34:06,pperez,resource,Missed,3174403051,1450,00:00:00,7,0,,NULL
Enterprise Call Id,Call_212_192.168.33.164_1527287558573,,,,,,,,,
25/05/2018 17:32:41,pperez,record,Received,NiceCssDaSipRecorder,1450,00:19:10,2,0,Conn_380_192.168.33.164_1527287558573,NULL
Enterprise Call Id,Call_213_192.168.33.164_1527287558578,,,,,,,,,
25/05/2018 17:32:41,pperez,record,Received,NiceCssDaSipRecorder,1450,00:19:10,2,0,Conn_381_192.168.33.164_1527287558578,NULL
Enterprise Call Id,Call_214_192.168.33.164_1527287558584,,,,,,,,,
25/05/2018 17:32:41,pperez,record,Received,NiceCssDaSipRecorder,1450,00:19:10,2,0,Conn_383_192.168.33.164_1527287558584,NULL
Enterprise Call Id,Call_211_192.168.33.164_1527287231150,,,,,,,,,
25/05/2018 17:27:14,pperez,resource,Received,3495,1450,00:01:30,2,0,Conn_377_192.168.33.164_1527287233473,NULL
Enterprise Call Id,Call_210_192.168.33.164_1527287110265,,,,,,,,,
25/05/2018 17:25:13,pperez,resource,Received,3495,1450,00:00:54,2,0,Conn_375_192.168.33.164_1527287113086,NULL
Enterprise Call Id,,,,,,,,,,
25/05/2018 17:23:48,pperez,resource,Missed,3174403051,1450,00:00:00,5,0,,NULL
25/05/2018 17:20:40,pperez,resource,Missed,3174403051,1450,00:00:00,17,0,,NULL
Enterprise Call Id,Call_207_192.168.33.164_1527286650261,,,,,,,,,
25/05/2018 17:17:39,pperez,resource,Received,3174403051,1450,00:00:03,8,0,Conn_371_192.168.33.164_1527286659135,NULL
Enterprise Call Id,Call_206_192.168.33.164_1527286537915,,,,,,,,,
25/05/2018 17:15:38,pperez,resource,Initiated,3174403051,0033174403051,00:00:24,15,0,Conn_368_192.168.33.164_1527286537901,NULL
Enterprise Call Id,Call_205_192.168.33.164_1527285886206,,,,,,,,,
25/05/2018 17:04:50,pperez,resource,Received,3495,1450,00:02:47,3,0,Conn_367_192.168.33.164_1527285889714,NULL
Enterprise Call Id,Call_204_192.168.33.164_1527282980131,,,,,,,,,
25/05/2018 16:16:24,jbetancur,resource,Received,3495,2531,00:03:08,3,0,Conn_365_192.168.33.164_1527282983486,NULL
Enterprise Call Id,Call_199_192.168.33.164_1527282909741,,,,,,,,,
25/05/2018 16:16:20,pperez,resource,Initiated,1450,2531,00:00:01,1,0,Conn_362_192.168.33.164_1527282980108,NULL
25/05/2018 16:15:43,pperez,resource,Received,3495,1450,00:00:32,33,0,Conn_361_192.168.33.164_1527282943213,NULL
Enterprise Call Id,Call_200_192.168.33.164_1527282924138,,,,,,,,,
25/05/2018 16:15:29,jbetancur,record,Received,NiceCssDaSipRecorder,2531,02:35:26,4,0,Conn_357_192.168.33.164_1527282924138,NULL
Enterprise Call Id,Call_201_192.168.33.164_1527282924142,,,,,,,,,
25/05/2018 16:15:29,jbetancur,record,Received,NiceCssDaSipRecorder,2531,02:35:26,4,0,Conn_358_192.168.33.164_1527282924141,NULL
Enterprise Call Id,Call_202_192.168.33.164_1527282924147,,,,,,,,,
25/05/2018 16:15:29,jbetancur,record,Received,NiceCssDaSipRecorder,2531,02:35:26,4,0,Conn_360_192.168.33.164_1527282924147,NULL
Enterprise Call Id,Call_197_192.168.33.164_1527282568173,,,,,,,,,
25/05/2018 16:09:32,pperez,resource,Initiated,1450,1450,00:00:16,1,0,Conn_353_192.168.33.164_1527282571803,NULL
25/05/2018 16:09:30,pperez,resource,Received,3174403051,1450,00:00:03,1,0,Conn_352_192.168.33.164_1527282569480,NULL
Enterprise Call Id,Call_195_192.168.33.164_1527282487531,,,,,,,,,
25/05/2018 16:08:30,pperez,resource,Initiated,1450,1450,00:00:28,0,9,Conn_350_192.168.33.164_1527282509830,NULL
25/05/2018 16:08:10,pperez,resource,Received,3174403051,1450,00:00:19,2,0,Conn_349_192.168.33.164_1527282490177,NULL
Enterprise Call Id,Call_194_192.168.33.164_1527282350381,,,,,,,,,
25/05/2018 16:05:50,pperez,resource,Initiated,1450,0033174403051,00:00:38,7,0,Conn_346_192.168.33.164_1527282350370,NULL
Enterprise Call Id,Call_193_192.168.33.164_1527282324033,,,,,,,,,
25/05/2018 16:05:24,pperez,resource,Initiated,1450,00095072049450,00:00:09,2,0,Conn_344_192.168.33.164_1527282324020,NULL
Enterprise Call Id,Call_192_192.168.33.164_1527282275276,,,,,,,,,
25/05/2018 16:04:35,pperez,resource,Initiated,1450,00943193000,00:00:21,0,0,Conn_342_192.168.33.164_1527282275261,NULL
Enterprise Call Id,Call_191_192.168.33.164_1527282200193,,,,,,,,,
25/05/2018 16:03:20,pperez,resource,Initiated,1450,05935500,00:00:55,1,0,Conn_340_192.168.33.164_1527282200181,NULL
Enterprise Call Id,Call_190_192.168.33.164_1527281670975,,,,,,,,,
25/05/2018 15:54:31,pperez,resource,Initiated,1450,3495,00:00:49,0,0,Conn_338_192.168.33.164_1527281670963,NULL
Enterprise Call Id,Call_189_192.168.33.164_1527281634003,,,,,,,,,
25/05/2018 15:53:56,pperez,resource,Received,3488,1450,00:00:31,1,0,Conn_337_192.168.33.164_1527281635929,NULL
Enterprise Call Id,Call_188_192.168.33.164_1527281594196,,,,,,,,,
25/05/2018 15:53:14,pperez,resource,Initiated,1450,3488,00:00:37,1,0,Conn_334_192.168.33.164_1527281594183,NULL
Enterprise Call Id,Call_187_192.168.33.164_1527281409289,,,,,,,,,
25/05/2018 15:50:12,pperez,resource,Received,12419700,1450,00:02:58,2,0,Conn_333_192.168.33.164_1527281412183,NULL
Enterprise Call Id,Call_183_192.168.33.164_1527281326619,,,,,,,,,
25/05/2018 15:49:10,pperez,resource,Received,3495,1450,00:00:39,23,0,Conn_331_192.168.33.164_1527281349750,NULL
Enterprise Call Id,Call_184_192.168.33.164_1527281341565,,,,,,,,,
25/05/2018 15:49:06,pperez,record,Received,NiceCssDaSipRecorder,1450,01:43:24,4,0,Conn_327_192.168.33.164_1527281341565,NULL
Enterprise Call Id,Call_185_192.168.33.164_1527281341568,,,,,,,,,
25/05/2018 15:49:06,pperez,record,Received,NiceCssDaSipRecorder,1450,01:43:24,4,0,Conn_329_192.168.33.164_1527281341568,NULL
Enterprise Call Id,Call_186_192.168.33.164_1527281341573,,,,,,,,,
25/05/2018 15:49:06,pperez,record,Received,NiceCssDaSipRecorder,1450,01:43:24,4,0,Conn_330_192.168.33.164_1527281341573,NULL
Enterprise Call Id,,,,,,,,,,
25/05/2018 14:15:16,LineUser_CH,resource,Line,3488,1450,00:00:00,81,0,,NULL
25/05/2018 12:51:57,LineUser_CH,resource,Line,3488,1450,00:00:00,21,0,,NULL
25/05/2018 12:50:34,LineUser_CH,resource,Line,17464000,1450,00:00:00,30,0,,NULL
25/05/2018 12:49:57,LineUser_CH,resource,Line,3488,1450,00:00:00,5,0,,NULL
25/05/2018 12:45:01,LineUser_CH,resource,Line,3006295206,1450,00:00:00,15,0,,NULL
25/05/2018 12:44:04,LineUser_CH,resource,Line,17464000,1450,00:00:00,24,0,,NULL
25/05/2018 12:43:32,LineUser_CH,resource,Line,3488,1450,00:00:00,4,0,,NULL
25/05/2018 12:39:17,LineUser_CH,resource,Line,3153177028,1450,00:00:00,26,0,,NULL
25/05/2018 12:38:21,LineUser_CH,resource,Line,17464000,1450,00:00:00,19,0,,NULL
25/05/2018 12:36:55,LineUser_CH,resource,Line,3488,1450,00:00:00,7,0,,NULL
25/05/2018 12:13:40,LineUser_CH,resource,Line,1450,1450,00:00:00,1,0,,NULL
Enterprise Call Id,Call_169_192.168.33.164_1527192164742,,,,,,,,,
24/05/2018 15:02:47,pperez,record,Received,NiceCssDaSipRecorder,1450,01:38:19,2,0,Conn_309_192.168.33.164_1527192164742,NULL
Enterprise Call Id,Call_170_192.168.33.164_1527192164747,,,,,,,,,
24/05/2018 15:02:47,pperez,record,Received,NiceCssDaSipRecorder,1450,01:38:19,2,0,Conn_311_192.168.33.164_1527192164747,NULL
Enterprise Call Id,Call_171_192.168.33.164_1527192164752,,,,,,,,,
24/05/2018 15:02:47,pperez,record,Received,NiceCssDaSipRecorder,1450,01:38:19,2,0,Conn_312_192.168.33.164_1527192164752,NULL
Enterprise Call Id,Call_166_192.168.33.164_1527191997405,,,,,,,,,
24/05/2018 15:00:00,pperez,record,Received,NiceCssDaSipRecorder,1450,00:02:43,2,0,Conn_303_192.168.33.164_1527191997405,NULL
Enterprise Call Id,Call_167_192.168.33.164_1527191997410,,,,,,,,,
24/05/2018 15:00:00,pperez,record,Received,NiceCssDaSipRecorder,1450,00:02:43,2,0,Conn_305_192.168.33.164_1527191997410,NULL
Enterprise Call Id,Call_168_192.168.33.164_1527191997414,,,,,,,,,
24/05/2018 15:00:00,pperez,record,Received,NiceCssDaSipRecorder,1450,00:02:43,2,0,Conn_306_192.168.33.164_1527191997414,NULL
Enterprise Call Id,Call_163_192.168.33.164_1527191350625,,,,,,,,,
24/05/2018 14:49:15,pperez,record,Received,NiceCssDaSipRecorder,1450,00:10:28,4,0,Conn_297_192.168.33.164_1527191350625,NULL
Enterprise Call Id,Call_164_192.168.33.164_1527191350629,,,,,,,,,
24/05/2018 14:49:15,pperez,record,Received,NiceCssDaSipRecorder,1450,00:10:28,4,0,Conn_299_192.168.33.164_1527191350629,NULL
Enterprise Call Id,Call_165_192.168.33.164_1527191350656,,,,,,,,,
24/05/2018 14:49:15,pperez,record,Received,NiceCssDaSipRecorder,1450,00:10:28,4,0,Conn_300_192.168.33.164_1527191350656,NULL
Enterprise Call Id,Call_162_192.168.33.164_1527190473406,,,,,,,,,
24/05/2018 14:34:38,pperez,record,Received,NiceCssDaSipRecorder,1450,00:14:31,4,0,Conn_294_192.168.33.164_1527190473406,NULL
Enterprise Call Id,Call_161_192.168.33.164_1527190473400,,,,,,,,,
24/05/2018 14:34:38,pperez,record,Received,NiceCssDaSipRecorder,1450,00:14:31,4,0,Conn_292_192.168.33.164_1527190473400,NULL
Enterprise Call Id,Call_160_192.168.33.164_1527190473397,,,,,,,,,
24/05/2018 14:34:38,pperez,record,Received,NiceCssDaSipRecorder,1450,00:14:31,4,0,Conn_291_192.168.33.164_1527190473396,NULL
Enterprise Call Id,,,,,,,,,,
24/05/2018 13:00:52,pperez,resource,Missed,,1450,00:00:00,5,0,,NULL
Enterprise Call Id,Call_158_192.168.33.164_1527184099802,,,,,,,,,
24/05/2018 12:48:20,pperez,resource,Initiated,1450,00331381447233,00:00:05,1,0,Conn_286_192.168.33.164_1527184099789,NULL
Enterprise Call Id,Call_157_192.168.33.164_1527183841895,,,,,,,,,
24/05/2018 12:44:09,pperez,resource,Received,,1450,00:00:01,7,0,Conn_285_192.168.33.164_1527183849125,NULL
Enterprise Call Id,Call_156_192.168.33.164_1527183613062,,,,,,,,,
24/05/2018 12:40:19,pperez,resource,Received,,1450,00:00:07,5,0,Conn_283_192.168.33.164_1527183619000,NULL
Enterprise Call Id,Call_155_192.168.33.164_1527183351741,,,,,,,,,
24/05/2018 12:35:54,pperez,resource,Received,,1450,00:00:03,2,0,Conn_281_192.168.33.164_1527183354180,NULL
Enterprise Call Id,Call_154_192.168.33.164_1527183053621,,,,,,,,,
24/05/2018 12:30:54,pperez,resource,Initiated,1450,05935500,00:00:07,1,0,Conn_278_192.168.33.164_1527183053606,NULL
Enterprise Call Id,Call_153_192.168.33.164_1527182471450,,,,,,,,,
24/05/2018 12:21:24,pperez,resource,Received,,1450,00:00:00,12,0,Conn_277_192.168.33.164_1527182483956,NULL
Enterprise Call Id,Call_152_192.168.33.164_1527182281936,,,,,,,,,
24/05/2018 12:18:11,pperez,resource,Received,,1450,00:00:08,9,0,Conn_275_192.168.33.164_1527182291103,NULL
Enterprise Call Id,,,,,,,,,,
24/05/2018 12:17:18,pperez,resource,Missed,,1450,00:00:00,6,0,,NULL
Enterprise Call Id,Call_150_192.168.33.164_1527181831149,,,,,,,,,
24/05/2018 12:10:34,pperez,resource,Received,,1450,00:01:02,2,0,Conn_272_192.168.33.164_1527181833932,NULL
Enterprise Call Id,Call_149_192.168.33.164_1527181665102,,,,,,,,,
24/05/2018 12:07:56,pperez,resource,Received,,1450,00:00:09,11,0,Conn_270_192.168.33.164_1527181676198,NULL
Enterprise Call Id,Call_148_192.168.33.164_1527181587238,,,,,,,,,
24/05/2018 12:06:31,pperez,resource,Received,,1450,00:00:54,3,0,Conn_268_192.168.33.164_1527181590851,NULL
Enterprise Call Id,Call_145_192.168.33.164_1527181463464,,,,,,,,,
24/05/2018 12:04:27,pperez,record,Received,NiceCssDaSipRecorder,1450,01:01:03,3,0,Conn_264_192.168.33.164_1527181463463,NULL
Enterprise Call Id,Call_146_192.168.33.164_1527181463464,,,,,,,,,
24/05/2018 12:04:27,pperez,record,Received,NiceCssDaSipRecorder,1450,01:01:03,3,0,Conn_265_192.168.33.164_1527181463464,NULL
Enterprise Call Id,Call_147_192.168.33.164_1527181463465,,,,,,,,,
24/05/2018 12:04:27,pperez,record,Received,NiceCssDaSipRecorder,1450,01:01:03,3,0,Conn_266_192.168.33.164_1527181463465,NULL
Enterprise Call Id,,,,,,,,,,
24/05/2018 11:41:39,LineUser_CH,resource,Line,,2531,00:00:00,2,0,,NULL
24/05/2018 11:41:31,LineUser_CH,resource,Line,1450,1450,00:00:00,2,0,,NULL
24/05/2018 11:12:07,LineUser_CH,resource,Line,,2531,00:00:00,0,0,,NULL
24/05/2018 11:10:20,LineUser_CH,resource,Line,,2531,00:00:00,59,0,,NULL
24/05/2018 11:05:11,LineUser_CH,resource,Line,,1450,00:00:00,25,0,,NULL
24/05/2018 11:03:15,LineUser_CH,resource,Line,1450,1450,00:00:00,43,0,,NULL
24/05/2018 11:01:54,LineUser_CH,resource,Line,,1450,00:00:00,10,0,,NULL
24/05/2018 10:59:21,LineUser_CH,resource,Line,,1450,00:00:00,23,0,,NULL
24/05/2018 09:31:39,LineUser_CH,resource,Line,,1450,00:00:00,13,0,,NULL
24/05/2018 09:31:12,LineUser_CH,resource,Line,1450,1450,00:00:00,6,0,,NULL
24/05/2018 09:30:48,LineUser_CH,resource,Line,1450,1450,00:00:00,3,0,,NULL
24/05/2018 09:29:45,LineUser_CH,resource,Line,1450,1450,00:00:00,1,0,,NULL
24/05/2018 09:23:28,LineUser_CH,resource,Line,,2531,00:00:00,150,0,,NULL
24/05/2018 09:22:15,LineUser_CH,resource,Line,1455,2531,00:00:00,2,0,,NULL
24/05/2018 09:22:08,LineUser_CH,resource,Line,1455,2531,00:00:00,1,0,,NULL
24/05/2018 09:15:06,LineUser_CH,resource,Line,,1450,00:00:00,3,0,,NULL
24/05/2018 08:44:31,LineUser_CH,resource,Line,2808,2531,00:00:00,97,0,,NULL
24/05/2018 08:43:43,LineUser_CH,resource,Line,2808,2531,00:00:00,76,0,,NULL
Enterprise Call Id,Call_126_192.168.33.164_1527119133993,,,,,,,,,
23/05/2018 18:45:34,pperez,resource,Initiated,1450,2891,00:00:15,15,0,Conn_237_192.168.33.164_1527119133980,NULL
Enterprise Call Id,Call_125_192.168.33.164_1527118638531,,,,,,,,,
23/05/2018 18:37:27,jbetancur,resource,Received,,2531,00:01:14,8,0,Conn_236_192.168.33.164_1527118646619,NULL
Enterprise Call Id,Call_124_192.168.33.164_1527118574074,,,,,,,,,
23/05/2018 18:36:18,pperez,resource,Received,,1450,00:00:58,4,0,Conn_234_192.168.33.164_1527118578395,NULL
Enterprise Call Id,Call_122_192.168.33.164_1527118493774,,,,,,,,,
23/05/2018 18:34:58,jbetancur,resource,Received,03446333,2531,00:00:17,4,0,Conn_232_192.168.33.164_1527118497988,NULL
Enterprise Call Id,Call_120_192.168.33.164_1527118464676,,,,,,,,,
23/05/2018 18:34:54,pperez,resource,Initiated,1450,2531,00:00:06,4,0,Conn_229_192.168.33.164_1527118493754,NULL
23/05/2018 18:34:25,pperez,resource,Initiated,1450,03446333,00:00:21,1,0,Conn_227_192.168.33.164_1527118464662,NULL
Enterprise Call Id,Call_119_192.168.33.164_1527118428807,,,,,,,,,
23/05/2018 18:33:49,pperez,resource,Initiated,1450,05935500,00:00:20,1,0,Conn_225_192.168.33.164_1527118428792,NULL
Enterprise Call Id,Call_118_192.168.33.164_1527118410217,,,,,,,,,
23/05/2018 18:33:30,pperez,resource,Initiated,1450,3488,00:00:12,1,0,Conn_223_192.168.33.164_1527118410201,NULL
Enterprise Call Id,Call_117_192.168.33.164_1527118379399,,,,,,,,,
23/05/2018 18:33:03,pperez,resource,Received,,1450,00:00:21,3,0,Conn_222_192.168.33.164_1527118383136,NULL
Enterprise Call Id,Call_116_192.168.33.164_1527118201756,,,,,,,,,
23/05/2018 18:30:02,pperez,resource,Initiated,1450,3488,00:00:26,2,0,Conn_219_192.168.33.164_1527118201732,NULL
Enterprise Call Id,Call_115_192.168.33.164_1527118096797,,,,,,,,,
23/05/2018 18:28:17,pperez,resource,Initiated,1450,3488,00:00:00,0,0,Conn_217_192.168.33.164_1527118096782,NULL
Enterprise Call Id,Call_114_192.168.33.164_1527118073338,,,,,,,,,
23/05/2018 18:27:53,pperez,resource,Initiated,1450,3488,00:00:00,0,0,Conn_215_192.168.33.164_1527118073322,NULL
Enterprise Call Id,Call_113_192.168.33.164_1527117831638,,,,,,,,,
23/05/2018 18:23:52,pperez,resource,Initiated,1450,3488,00:00:14,6,0,Conn_213_192.168.33.164_1527117831623,NULL
Enterprise Call Id,Call_111_192.168.33.164_1527117215594,,,,,,,,,
23/05/2018 18:13:36,pperez,resource,Initiated,1450,2531,00:00:04,4,0,Conn_210_192.168.33.164_1527117215582,NULL
Enterprise Call Id,,,,,,,,,,
23/05/2018 18:13:36,jbetancur,resource,Missed,1450,2531,00:00:00,4,0,,NULL
Enterprise Call Id,Call_109_192.168.33.164_1527117202861,,,,,,,,,
23/05/2018 18:13:23,jbetancur,resource,Initiated,2531,1450,00:00:02,2,0,Conn_207_192.168.33.164_1527117202849,NULL
Enterprise Call Id,,,,,,,,,,
23/05/2018 18:13:23,pperez,resource,Missed,2531,1450,00:00:00,2,0,,NULL
Enterprise Call Id,Call_108_192.168.33.164_1527117198151,,,,,,,,,
23/05/2018 18:13:18,jbetancur,resource,Initiated,2531,14450,00:00:02,0,0,Conn_205_192.168.33.164_1527117198139,NULL
Enterprise Call Id,Call_107_192.168.33.164_1527117116496,,,,,,,,,
23/05/2018 18:11:56,pperez,resource,Initiated,1450,3489,00:00:27,3,0,Conn_203_192.168.33.164_1527117116482,NULL
Enterprise Call Id,Call_106_192.168.33.164_1527117067276,,,,,,,,,
23/05/2018 18:11:07,pperez,resource,Initiated,1450,16037,00:00:19,3,0,Conn_201_192.168.33.164_1527117067262,NULL
Enterprise Call Id,Call_105_192.168.33.164_1527117054575,,,,,,,,,
23/05/2018 18:10:55,pperez,resource,Initiated,1450,16031,00:00:08,7,0,Conn_199_192.168.33.164_1527117054562,NULL
Enterprise Call Id,Call_104_192.168.33.164_1527117000976,,,,,,,,,
23/05/2018 18:10:01,pperez,resource,Initiated,1450,3488,00:00:42,2,0,Conn_197_192.168.33.164_1527117000961,NULL
Enterprise Call Id,Call_101_192.168.33.164_1527116669554,,,,,,,,,
23/05/2018 18:04:32,pperez,record,Received,NiceCssDaSipRecorder,1450,00:45:34,2,0,Conn_193_192.168.33.164_1527116669554,NULL
Enterprise Call Id,Call_102_192.168.33.164_1527116669559,,,,,,,,,
23/05/2018 18:04:32,pperez,record,Received,NiceCssDaSipRecorder,1450,00:45:34,2,0,Conn_195_192.168.33.164_1527116669559,NULL
Enterprise Call Id,Call_103_192.168.33.164_1527116669565,,,,,,,,,
23/05/2018 18:04:32,pperez,record,Received,NiceCssDaSipRecorder,1450,00:45:34,2,0,Conn_196_192.168.33.164_1527116669564,NULL
Enterprise Call Id,Call_100_192.168.33.164_1527115707082,,,,,,,,,
23/05/2018 17:48:27,pperez,resource,Initiated,1450,3488,00:00:18,6,0,Conn_189_192.168.33.164_1527115707065,NULL
Enterprise Call Id,Call_99_192.168.33.164_1527115676290,,,,,,,,,
23/05/2018 17:47:56,pperez,resource,Initiated,1450,3488,00:00:26,3,0,Conn_187_192.168.33.164_1527115676278,NULL
Enterprise Call Id,Call_96_192.168.33.164_1527115586750,,,,,,,,,
23/05/2018 17:46:29,pperez,record,Received,NiceCssDaSipRecorder,1450,00:17:52,2,0,Conn_183_192.168.33.164_1527115586750,NULL
Enterprise Call Id,Call_97_192.168.33.164_1527115586752,,,,,,,,,
23/05/2018 17:46:29,pperez,record,Received,NiceCssDaSipRecorder,1450,00:17:52,2,0,Conn_185_192.168.33.164_1527115586752,NULL
Enterprise Call Id,Call_98_192.168.33.164_1527115586755,,,,,,,,,
23/05/2018 17:46:29,pperez,record,Received,NiceCssDaSipRecorder,1450,00:17:52,2,0,Conn_186_192.168.33.164_1527115586755,NULL
Enterprise Call Id,Call_95_192.168.33.164_1527115160414,,,,,,,,,
23/05/2018 17:39:20,jbetancur,resource,Initiated,2531,16037,00:00:15,2,0,Conn_179_192.168.33.164_1527115160402,NULL
Enterprise Call Id,Call_94_192.168.33.164_1527115131724,,,,,,,,,
23/05/2018 17:38:52,jbetancur,resource,Initiated,2531,05935500,00:00:12,0,0,Conn_177_192.168.33.164_1527115131712,NULL
Enterprise Call Id,Call_93_192.168.33.164_1527115099388,,,,,,,,,
23/05/2018 17:38:19,jbetancur,resource,Initiated,2531,3488,00:00:21,1,0,Conn_175_192.168.33.164_1527115099372,NULL
Enterprise Call Id,Call_92_192.168.33.164_1527113962092,,,,,,,,,
23/05/2018 17:19:22,jmartinez,resource,Initiated,2536,2763,00:00:24,7,0,Conn_173_192.168.33.164_1527113962080,NULL
Enterprise Call Id,Call_91_192.168.33.164_1527113939123,,,,,,,,,
23/05/2018 17:18:59,jmartinez,resource,Initiated,2536,*652791,00:00:00,0,0,Conn_171_192.168.33.164_1527113939109,NULL
Enterprise Call Id,Call_90_192.168.33.164_1527113840513,,,,,,,,,
23/05/2018 17:17:21,jmartinez,resource,Initiated,2536,2763,00:00:51,2,0,Conn_169_192.168.33.164_1527113840501,NULL
Enterprise Call Id,Call_89_192.168.33.164_1527113806243,,,,,,,,,
23/05/2018 17:16:46,jbetancur,resource,Initiated,2531,3488,00:00:01,0,0,Conn_167_192.168.33.164_1527113806231,NULL
Enterprise Call Id,Call_88_192.168.33.164_1527113803752,,,,,,,,,
23/05/2018 17:16:44,jmartinez,resource,Initiated,2536,3488,00:00:27,5,0,Conn_165_192.168.33.164_1527113803740,NULL
Enterprise Call Id,Call_87_192.168.33.164_1527113783804,,,,,,,,,
23/05/2018 17:16:24,jbetancur,resource,Initiated,2531,3488,00:00:04,2,0,Conn_163_192.168.33.164_1527113783791,NULL
Enterprise Call Id,Call_84_192.168.33.164_1527113751032,,,,,,,,,
23/05/2018 17:15:53,jbetancur,record,Received,NiceCssDaSipRecorder,2531,01:34:18,2,0,Conn_159_192.168.33.164_1527113751032,NULL
Enterprise Call Id,Call_85_192.168.33.164_1527113751038,,,,,,,,,
23/05/2018 17:15:53,jbetancur,record,Received,NiceCssDaSipRecorder,2531,01:34:18,2,0,Conn_161_192.168.33.164_1527113751038,NULL
Enterprise Call Id,Call_86_192.168.33.164_1527113751042,,,,,,,,,
23/05/2018 17:15:53,jbetancur,record,Received,NiceCssDaSipRecorder,2531,01:34:18,2,0,Conn_162_192.168.33.164_1527113751041,NULL
Enterprise Call Id,Call_83_192.168.33.164_1527113616412,,,,,,,,,
23/05/2018 17:13:36,jmartinez,resource,Initiated,2536,02973030,00:00:26,1,0,Conn_155_192.168.33.164_1527113616400,NULL
Enterprise Call Id,Call_82_192.168.33.164_1527113606108,,,,,,,,,
23/05/2018 17:13:26,jmartinez,resource,Initiated,2536,5,00:00:00,0,0,Conn_153_192.168.33.164_1527113606095,NULL
Enterprise Call Id,Call_81_192.168.33.164_1527112475555,,,,,,,,,
23/05/2018 16:54:36,jbetancur,resource,Initiated,2531,3488,00:09:33,11,0,Conn_151_192.168.33.164_1527112475543,NULL
Enterprise Call Id,Call_80_192.168.33.164_1527112429845,,,,,,,,,
23/05/2018 16:53:50,jbetancur,resource,Initiated,2531,000913052645780,00:00:39,37,0,Conn_149_192.168.33.164_1527112429833,NULL
Enterprise Call Id,Call_79_192.168.33.164_1527112329396,,,,,,,,,
23/05/2018 16:52:09,jbetancur,resource,Initiated,2531,3488,00:01:10,21,0,Conn_147_192.168.33.164_1527112329383,NULL
Enterprise Call Id,Call_78_192.168.33.164_1527112246861,,,,,,,,,
23/05/2018 16:50:47,jbetancur,resource,Initiated,2531,00095072049450,00:00:14,0,0,Conn_145_192.168.33.164_1527112246849,NULL
Enterprise Call Id,Call_77_192.168.33.164_1527112227635,,,,,,,,,
23/05/2018 16:50:28,jbetancur,resource,Initiated,2531,00095072049450,00:00:13,0,0,Conn_143_192.168.33.164_1527112227623,NULL
Enterprise Call Id,Call_76_192.168.33.164_1527112015927,,,,,,,,,
23/05/2018 16:46:56,jbetancur,resource,Initiated,2531,3488,00:03:15,4,0,Conn_141_192.168.33.164_1527112015913,NULL
Enterprise Call Id,Call_75_192.168.33.164_1527111969888,,,,,,,,,
23/05/2018 16:46:10,jbetancur,resource,Initiated,2531,00051507638144,00:00:33,32,0,Conn_139_192.168.33.164_1527111969873,NULL
Enterprise Call Id,Call_73_192.168.33.164_1527111727487,,,,,,,,,
23/05/2018 16:42:09,jbetancur,resource,Received,03446333,2531,00:03:41,1,0,Conn_138_192.168.33.164_1527111728675,NULL
Enterprise Call Id,Call_70_192.168.33.164_1527111646605,,,,,,,,,
23/05/2018 16:42:07,jmartinez,resource,Initiated,2536,2531,00:00:02,1,0,Conn_135_192.168.33.164_1527111727467,NULL
23/05/2018 16:40:50,jmartinez,resource,Received,03446333,2536,00:01:15,3,0,Conn_134_192.168.33.164_1527111649738,NULL
Enterprise Call Id,Call_68_192.168.33.164_1527111602745,,,,,,,,,
23/05/2018 16:40:47,jbetancur,resource,Initiated,2531,2536,00:00:07,3,0,Conn_131_192.168.33.164_1527111646579,NULL
23/05/2018 16:40:03,jbetancur,resource,Initiated,2531,03446333,00:00:41,6,0,Conn_129_192.168.33.164_1527111602733,NULL
Enterprise Call Id,Call_67_192.168.33.164_1527111504426,,,,,,,,,
23/05/2018 16:38:24,jmartinez,resource,Initiated,2536,05935500,00:00:09,0,0,Conn_127_192.168.33.164_1527111504414,NULL
Enterprise Call Id,Call_65_192.168.33.164_1527111484704,,,,,,,,,
23/05/2018 16:38:07,jbetancur,resource,Received,124197003488,2531,00:00:43,2,0,Conn_126_192.168.33.164_1527111486732,NULL
Enterprise Call Id,Call_62_192.168.33.164_1527111381078,,,,,,,,,
23/05/2018 16:38:05,jmartinez,resource,Initiated,2536,2531,00:00:05,2,0,Conn_123_192.168.33.164_1527111484681,NULL
23/05/2018 16:36:26,jmartinez,resource,Received,124197003488,2536,00:01:35,5,0,Conn_122_192.168.33.164_1527111386266,NULL
Enterprise Call Id,Call_60_192.168.33.164_1527111339723,,,,,,,,,
23/05/2018 16:36:21,jbetancur,resource,Initiated,2531,2536,00:00:10,5,0,Conn_119_192.168.33.164_1527111381053,NULL
23/05/2018 16:35:40,jbetancur,resource,Initiated,2531,3488,00:00:38,5,0,Conn_117_192.168.33.164_1527111339708,NULL
Enterprise Call Id,Call_57_192.168.33.164_1527111303521,,,,,,,,,
23/05/2018 16:35:08,jmartinez,record,Received,NiceCssDaSipRecorder,2536,01:11:00,4,0,Conn_112_192.168.33.164_1527111303520,NULL
Enterprise Call Id,Call_58_192.168.33.164_1527111303526,,,,,,,,,
23/05/2018 16:35:08,jmartinez,record,Received,NiceCssDaSipRecorder,2536,01:11:00,4,0,Conn_115_192.168.33.164_1527111303526,NULL
Enterprise Call Id,Call_59_192.168.33.164_1527111303531,,,,,,,,,
23/05/2018 16:35:08,jmartinez,record,Received,NiceCssDaSipRecorder,2536,01:11:00,4,0,Conn_116_192.168.33.164_1527111303531,NULL
Enterprise Call Id,Call_56_192.168.33.164_1527111019534,,,,,,,,,
23/05/2018 16:30:20,jbetancur,resource,Initiated,2531,3488,00:01:27,3,0,Conn_109_192.168.33.164_1527111019522,NULL
Enterprise Call Id,Call_55_192.168.33.164_1527110816003,,,,,,,,,
23/05/2018 16:26:56,jbetancur,resource,Initiated,2531,0033153177028,00:03:17,5,0,Conn_107_192.168.33.164_1527110815991,NULL
Enterprise Call Id,Call_54_192.168.33.164_1527110712346,,,,,,,,,
23/05/2018 16:25:12,jbetancur,resource,Initiated,2531,0033006295206,00:00:25,6,0,Conn_105_192.168.33.164_1527110712331,NULL
Enterprise Call Id,Call_53_192.168.33.164_1527110675834,,,,,,,,,
23/05/2018 16:24:36,jbetancur,resource,Initiated,2531,033006295206,00:00:00,0,0,Conn_103_192.168.33.164_1527110675820,NULL
Enterprise Call Id,Call_52_192.168.33.164_1527110507493,,,,,,,,,
23/05/2018 16:21:47,jbetancur,resource,Initiated,2531,3488,00:00:40,5,0,Conn_101_192.168.33.164_1527110507481,NULL
Enterprise Call Id,Call_51_192.168.33.164_1527110460184,,,,,,,,,
23/05/2018 16:21:00,jbetancur,resource,Initiated,2531,00943193000,00:00:21,0,0,Conn_99_192.168.33.164_1527110460172,NULL
Enterprise Call Id,Call_50_192.168.33.164_1527110430177,,,,,,,,,
23/05/2018 16:20:30,jbetancur,resource,Initiated,2531,00943193000,00:00:23,0,0,Conn_97_192.168.33.164_1527110430162,NULL
Enterprise Call Id,Call_49_192.168.33.164_1527110138387,,,,,,,,,
23/05/2018 16:15:38,jbetancur,resource,Initiated,2531,05935500,00:00:25,0,0,Conn_95_192.168.33.164_1527110138373,NULL
Enterprise Call Id,Call_48_192.168.33.164_1527110118443,,,,,,,,,
23/05/2018 16:15:18,jbetancur,resource,Initiated,2531,3488,00:00:05,4,0,Conn_93_192.168.33.164_1527110118428,NULL
Enterprise Call Id,Call_47_192.168.33.164_1527110108939,,,,,,,,,
23/05/2018 16:15:09,jbetancur,resource,Initiated,2531,3488,00:00:00,0,0,Conn_91_192.168.33.164_1527110108925,NULL
Enterprise Call Id,Call_46_192.168.33.164_1527110095875,,,,,,,,,
23/05/2018 16:14:56,jbetancur,resource,Initiated,2531,3488,00:00:08,8,0,Conn_89_192.168.33.164_1527110095861,NULL
Enterprise Call Id,Call_45_192.168.33.164_1527110052327,,,,,,,,,
23/05/2018 16:14:12,jbetancur,resource,Initiated,2531,3488,00:00:00,0,0,Conn_87_192.168.33.164_1527110052313,NULL
Enterprise Call Id,Call_44_192.168.33.164_1527110034055,,,,,,,,,
23/05/2018 16:13:54,jbetancur,resource,Initiated,2531,3488,00:00:00,0,0,Conn_85_192.168.33.164_1527110034043,NULL
Enterprise Call Id,Call_43_192.168.33.164_1527110013237,,,,,,,,,
23/05/2018 16:13:33,jbetancur,resource,Initiated,2531,05935500,00:00:00,0,0,Conn_83_192.168.33.164_1527110013223,NULL
Enterprise Call Id,Call_42_192.168.33.164_1527109913007,,,,,,,,,
23/05/2018 16:11:53,jbetancur,resource,Initiated,2531,2891,00:00:00,0,0,Conn_81_192.168.33.164_1527109912994,NULL
Enterprise Call Id,Call_41_192.168.33.164_1527109909858,,,,,,,,,
23/05/2018 16:11:50,jbetancur,resource,Initiated,2531,2869,00:00:00,0,0,Conn_79_192.168.33.164_1527109909846,NULL
Enterprise Call Id,Call_40_192.168.33.164_1527109898256,,,,,,,,,
23/05/2018 16:11:38,jbetancur,resource,Initiated,2531,2891,00:00:00,0,0,Conn_77_192.168.33.164_1527109898244,NULL
Enterprise Call Id,Call_39_192.168.33.164_1527109887187,,,,,,,,,
23/05/2018 16:11:27,jbetancur,resource,Initiated,2531,2891,00:00:00,0,0,Conn_75_192.168.33.164_1527109887174,NULL
Enterprise Call Id,Call_37_192.168.33.164_1527109806835,,,,,,,,,
23/05/2018 16:10:07,jbetancur,resource,Initiated,2531,2531,00:00:02,2,0,Conn_72_192.168.33.164_1527109806823,NULL
Enterprise Call Id,,,,,,,,,,
23/05/2018 16:10:07,jbetancur,resource,Missed,2531,2531,00:00:00,2,0,,NULL
Enterprise Call Id,Call_36_192.168.33.164_1527109801677,,,,,,,,,
23/05/2018 16:10:02,jbetancur,resource,Initiated,2531,253,00:00:00,0,0,Conn_70_192.168.33.164_1527109801662,NULL
Enterprise Call Id,Call_35_192.168.33.164_1527109682251,,,,,,,,,
23/05/2018 16:08:02,jbetancur,resource,Initiated,2531,05935500,00:00:00,0,0,Conn_68_192.168.33.164_1527109682237,NULL
Enterprise Call Id,Call_34_192.168.33.164_1527109654095,,,,,,,,,
23/05/2018 16:07:34,jbetancur,resource,Initiated,2531,05935500,00:00:00,0,0,Conn_66_192.168.33.164_1527109654082,NULL
Enterprise Call Id,Call_33_192.168.33.164_1527109499143,,,,,,,,,
23/05/2018 16:04:59,jbetancur,resource,Initiated,2531,3488,00:02:26,4,0,Conn_64_192.168.33.164_1527109499131,NULL
Enterprise Call Id,Call_32_192.168.33.164_1527109441285,,,,,,,,,
23/05/2018 16:04:01,jbetancur,resource,Initiated,2531,5930,00:00:13,13,0,Conn_62_192.168.33.164_1527109441271,NULL
Enterprise Call Id,Call_31_192.168.33.164_1527109407434,,,,,,,,,
23/05/2018 16:03:27,jbetancur,resource,Initiated,2531,5935500,00:00:13,3,0,Conn_60_192.168.33.164_1527109407422,NULL
Enterprise Call Id,Call_30_192.168.33.164_1527109386720,,,,,,,,,
23/05/2018 16:03:07,jbetancur,resource,Initiated,2531,05935500,00:00:00,0,0,Conn_58_192.168.33.164_1527109386703,NULL
Enterprise Call Id,Call_29_192.168.33.164_1527109357297,,,,,,,,,
23/05/2018 16:02:37,jbetancur,resource,Initiated,2531,05935500,00:00:00,0,0,Conn_56_192.168.33.164_1527109357283,NULL
Enterprise Call Id,Call_28_192.168.33.164_1527108667478,,,,,,,,,
23/05/2018 15:51:07,jbetancur,resource,Initiated,2531,5935500,00:00:14,3,0,Conn_54_192.168.33.164_1527108667465,NULL
Enterprise Call Id,Call_27_192.168.33.164_1527108596145,,,,,,,,,
23/05/2018 15:49:56,jbetancur,resource,Initiated,2531,05935500,00:00:00,0,0,Conn_52_192.168.33.164_1527108596133,NULL
Enterprise Call Id,Call_26_192.168.33.164_1527108545581,,,,,,,,,
23/05/2018 15:49:06,jbetancur,resource,Initiated,2531,5935500,00:00:10,5,0,Conn_50_192.168.33.164_1527108545569,NULL
Enterprise Call Id,Call_25_192.168.33.164_1527108511558,,,,,,,,,
23/05/2018 15:48:32,jbetancur,resource,Initiated,2531,5935500,00:00:21,14,0,Conn_48_192.168.33.164_1527108511544,NULL
Enterprise Call Id,Call_22_192.168.33.164_1527108439472,,,,,,,,,
23/05/2018 15:47:24,jbetancur,record,Received,NiceCssDaSipRecorder,2531,01:18:21,4,0,Conn_45_192.168.33.164_1527108439472,NULL
Enterprise Call Id,Call_24_192.168.33.164_1527108439474,,,,,,,,,
23/05/2018 15:47:24,jbetancur,record,Received,NiceCssDaSipRecorder,2531,01:18:21,4,0,Conn_47_192.168.33.164_1527108439474,NULL
Enterprise Call Id,Call_23_192.168.33.164_1527108439472,,,,,,,,,
23/05/2018 15:47:24,jbetancur,record,Received,NiceCssDaSipRecorder,2531,01:18:21,4,0,Conn_46_192.168.33.164_1527108439472,NULL
Enterprise Call Id,Call_21_192.168.33.164_1527094644040,,,,,,,,,
23/05/2018 11:57:31,jmartinez,resource,Received,2531,2536,00:00:00,6,0,Conn_41_192.168.33.164_1527094650646,NULL
Enterprise Call Id,Call_20_192.168.33.164_1527094644027,,,,,,,,,
23/05/2018 11:57:24,jbetancur,resource,Initiated,2531,2536,00:00:07,6,0,Conn_38_192.168.33.164_1527094644011,NULL
Enterprise Call Id,Call_19_192.168.33.164_1527094618820,,,,,,,,,
23/05/2018 11:57:04,jmartinez,resource,Received,2531,2536,00:00:00,5,0,Conn_37_192.168.33.164_1527094624236,NULL
Enterprise Call Id,Call_18_192.168.33.164_1527094618809,,,,,,,,,
23/05/2018 11:56:59,jbetancur,resource,Initiated,2531,2536,00:00:06,5,0,Conn_34_192.168.33.164_1527094618794,NULL
Enterprise Call Id,Call_16_192.168.33.164_1527094607910,,,,,,,,,
23/05/2018 11:56:48,jmartinez,resource,Initiated,2536,2531,00:00:04,4,0,Conn_31_192.168.33.164_1527094607804,NULL
Enterprise Call Id,,,,,,,,,,
23/05/2018 11:56:48,jbetancur,resource,Missed,2536,2531,00:00:00,4,0,,NULL
Enterprise Call Id,Call_12_192.168.33.164_1527093119481,,,,,,,,,
23/05/2018 11:32:00,jmartinez,record,Received,NiceCssDaSipRecorder,2536,00:56:03,0,0,Conn_25_192.168.33.164_1527093119481,NULL
Enterprise Call Id,Call_10_192.168.33.164_1527093119474,,,,,,,,,
23/05/2018 11:32:00,jmartinez,record,Received,NiceCssDaSipRecorder,2536,00:56:03,0,0,Conn_21_192.168.33.164_1527093119474,NULL
Enterprise Call Id,Call_11_192.168.33.164_1527093119478,,,,,,,,,
23/05/2018 11:32:00,jmartinez,record,Received,NiceCssDaSipRecorder,2536,00:56:03,0,0,Conn_23_192.168.33.164_1527093119478,NULL
Enterprise Call Id,Call_14_192.168.33.164_1527093119494,,,,,,,,,
23/05/2018 11:32:00,jbetancur,record,Received,NiceCssDaSipRecorder,2531,00:57:02,0,0,Conn_29_192.168.33.164_1527093119493,NULL
Enterprise Call Id,Call_13_192.168.33.164_1527093119487,,,,,,,,,
23/05/2018 11:32:00,jbetancur,record,Received,NiceCssDaSipRecorder,2531,00:57:02,0,0,Conn_27_192.168.33.164_1527093119487,NULL
Enterprise Call Id,Call_15_192.168.33.164_1527093119498,,,,,,,,,
23/05/2018 11:32:00,jbetancur,record,Received,NiceCssDaSipRecorder,2531,00:57:02,0,0,Conn_30_192.168.33.164_1527093119498,NULL
Enterprise Call Id,Call_5_192.168.33.164_1527093112768,,,,,,,,,
23/05/2018 11:31:53,jmartinez,record,Received,NiceCssDaSipRecorder,2536,00:00:00,0,0,Conn_9_192.168.33.164_1527093112753,NULL
Enterprise Call Id,Call_4_192.168.33.164_1527093112768,,,,,,,,,
23/05/2018 11:31:53,jmartinez,record,Received,NiceCssDaSipRecorder,2536,00:00:00,0,0,Conn_11_192.168.33.164_1527093112753,NULL
Enterprise Call Id,Call_6_192.168.33.164_1527093112774,,,,,,,,,
23/05/2018 11:31:53,jmartinez,record,Received,NiceCssDaSipRecorder,2536,00:00:00,0,0,Conn_8_192.168.33.164_1527093112753,NULL
Enterprise Call Id,Call_3_192.168.33.164_1527093112768,,,,,,,,,
23/05/2018 11:31:53,jbetancur,record,Received,NiceCssDaSipRecorder,2531,00:00:00,0,0,Conn_12_192.168.33.164_1527093112753,NULL
Enterprise Call Id,Call_2_192.168.33.164_1527093112768,,,,,,,,,
23/05/2018 11:31:53,jbetancur,record,Received,NiceCssDaSipRecorder,2531,00:00:00,0,0,Conn_10_192.168.33.164_1527093112753,NULL
Enterprise Call Id,Call_1_192.168.33.164_1527093112768,,,,,,,,,
23/05/2018 11:31:53,jbetancur,record,Received,NiceCssDaSipRecorder,2531,00:00:00,0,0,Conn_7_192.168.33.164_1527093112753,NULL
Enterprise Call Id,Call_7_192.168.33.164_1527093113437,,,,,,,,,
23/05/2018 11:31:53,jbetancur,record,Received,NiceCssDaSipRecorder,2531,00:00:00,0,0,Conn_16_192.168.33.164_1527093113437,NULL
Enterprise Call Id,Call_8_192.168.33.164_1527093113437,,,,,,,,,
23/05/2018 11:31:53,jbetancur,record,Received,NiceCssDaSipRecorder,2531,00:00:00,0,0,Conn_17_192.168.33.164_1527093113437,NULL
Enterprise Call Id,Call_9_192.168.33.164_1527093113441,,,,,,,,,
23/05/2018 11:31:53,jbetancur,record,Received,NiceCssDaSipRecorder,2531,00:00:01,0,0,Conn_18_192.168.33.164_1527093113441,NULL
Enterprise Call Id,Call_340_192.168.33.164_1527089866262,,,,,,,,,
23/05/2018 10:37:51,jmartinez,record,Received,NiceCssDaSipRecorder,2536,00:36:01,4,0,Conn_579_192.168.33.164_1527089866262,NULL
Enterprise Call Id,Call_339_192.168.33.164_1527089866259,,,,,,,,,
23/05/2018 10:37:51,jmartinez,record,Received,NiceCssDaSipRecorder,2536,00:36:01,4,0,Conn_578_192.168.33.164_1527089866259,NULL
Enterprise Call Id,Call_338_192.168.33.164_1527089866253,,,,,,,,,
23/05/2018 10:37:51,jmartinez,record,Received,NiceCssDaSipRecorder,2536,00:36:01,4,0,Conn_575_192.168.33.164_1527089866253,NULL
Enterprise Call Id,Call_336_192.168.33.164_1527089850769,,,,,,,,,
23/05/2018 10:37:35,jbetancur,record,Received,NiceCssDaSipRecorder,2531,00:36:38,4,0,Conn_572_192.168.33.164_1527089850769,NULL
Enterprise Call Id,Call_335_192.168.33.164_1527089850769,,,,,,,,,
23/05/2018 10:37:35,jbetancur,record,Received,NiceCssDaSipRecorder,2531,00:36:38,4,0,Conn_571_192.168.33.164_1527089850768,NULL
Enterprise Call Id,Call_337_192.168.33.164_1527089850773,,,,,,,,,
23/05/2018 10:37:35,jbetancur,record,Received,NiceCssDaSipRecorder,2531,00:36:38,4,0,Conn_573_192.168.33.164_1527089850773,NULL
Enterprise Call Id,Call_333_192.168.33.164_1527022103930,,,,,,,,,
22/05/2018 15:48:36,jbetancur,resource,Initiated,2531,2531,00:00:09,0,0,Conn_567_192.168.33.164_1527022116144,NULL
22/05/2018 15:48:25,jbetancur,resource,Received,2534,2531,00:00:11,1,0,Conn_566_192.168.33.164_1527022105012,NULL
Enterprise Call Id,Call_332_192.168.33.164_1527022103922,,,,,,,,,
22/05/2018 15:48:24,cpinzon,resource,Initiated,2534,2531,00:00:21,1,0,Conn_563_192.168.33.164_1527022103911,NULL
Enterprise Call Id,Call_328_192.168.33.164_1527021689030,,,,,,,,,
22/05/2018 15:41:35,jmartinez,resource,Initiated,2536,2536,00:00:41,0,0,Conn_562_192.168.33.164_1527021695415,NULL
Enterprise Call Id,Call_329_192.168.33.164_1527021689039,,,,,,,,,
22/05/2018 15:41:33,jbetancur,resource,Initiated,2531,2531,00:00:44,0,5,Conn_561_192.168.33.164_1527021692558,NULL
22/05/2018 15:41:30,jbetancur,resource,Received,2536,2531,00:00:03,1,0,Conn_560_192.168.33.164_1527021690303,NULL
Enterprise Call Id,Call_328_192.168.33.164_1527021689030,,,,,,,,,
22/05/2018 15:41:29,jmartinez,resource,Initiated,2536,2531,00:00:07,1,0,Conn_557_192.168.33.164_1527021689020,NULL
Enterprise Call Id,Call_324_192.168.33.164_1527021673562,,,,,,,,,
22/05/2018 15:41:21,jmartinez,resource,Initiated,2536,2536,00:00:57,0,0,Conn_556_192.168.33.164_1527021680930,NULL
Enterprise Call Id,Call_325_192.168.33.164_1527021673571,,,,,,,,,
22/05/2018 15:41:19,jbetancur,resource,Initiated,2531,2531,00:00:59,1,9,Conn_555_192.168.33.164_1527021678717,NULL
22/05/2018 15:41:15,jbetancur,resource,Received,2536,2531,00:00:04,1,0,Conn_554_192.168.33.164_1527021675148,NULL
Enterprise Call Id,Call_324_192.168.33.164_1527021673562,,,,,,,,,
22/05/2018 15:41:14,jmartinez,resource,Initiated,2536,2531,00:00:08,1,0,Conn_551_192.168.33.164_1527021673551,NULL
Enterprise Call Id,Call_320_192.168.33.164_1527021655081,,,,,,,,,
22/05/2018 15:41:03,jmartinez,resource,Initiated,2536,2536,00:01:17,0,0,Conn_550_192.168.33.164_1527021662727,NULL
Enterprise Call Id,Call_321_192.168.33.164_1527021655090,,,,,,,,,
22/05/2018 15:41:00,jbetancur,resource,Initiated,2531,2531,00:01:20,1,12,Conn_549_192.168.33.164_1527021659819,NULL
22/05/2018 15:40:57,jbetancur,resource,Received,2536,2531,00:00:03,2,0,Conn_548_192.168.33.164_1527021657319,NULL
Enterprise Call Id,Call_320_192.168.33.164_1527021655081,,,,,,,,,
22/05/2018 15:40:55,jmartinez,resource,Initiated,2536,2531,00:00:08,2,0,Conn_545_192.168.33.164_1527021655069,NULL
Enterprise Call Id,Call_316_192.168.33.164_1527021632738,,,,,,,,,
22/05/2018 15:40:42,jmartinez,resource,Initiated,2536,2536,00:01:38,1,0,Conn_544_192.168.33.164_1527021642110,NULL
Enterprise Call Id,Call_317_192.168.33.164_1527021632748,,,,,,,,,
22/05/2018 15:40:39,jbetancur,resource,Initiated,2531,2531,00:01:42,1,17,Conn_543_192.168.33.164_1527021639035,NULL
22/05/2018 15:40:35,jbetancur,resource,Received,2536,2531,00:00:05,1,0,Conn_542_192.168.33.164_1527021634587,NULL
Enterprise Call Id,Call_316_192.168.33.164_1527021632738,,,,,,,,,
22/05/2018 15:40:33,jmartinez,resource,Initiated,2536,2531,00:00:10,1,0,Conn_539_192.168.33.164_1527021632726,NULL
Enterprise Call Id,Call_312_192.168.33.164_1527021607020,,,,,,,,,
22/05/2018 15:40:19,jmartinez,resource,Initiated,2536,2536,00:02:03,0,0,Conn_538_192.168.33.164_1527021618746,NULL
Enterprise Call Id,Call_313_192.168.33.164_1527021607032,,,,,,,,,
22/05/2018 15:40:17,jbetancur,resource,Initiated,2531,2531,00:02:05,6,1527021654,Conn_537_192.168.33.164_1527021616546,NULL
22/05/2018 15:40:13,jbetancur,resource,Received,2536,2531,00:00:10,5,0,Conn_536_192.168.33.164_1527021612863,NULL
Enterprise Call Id,Call_312_192.168.33.164_1527021607020,,,,,,,,,
22/05/2018 15:40:07,jmartinez,resource,Initiated,2536,2531,00:00:12,5,0,Conn_533_192.168.33.164_1527021607007,NULL
Enterprise Call Id,Call_308_192.168.33.164_1527021582182,,,,,,,,,
22/05/2018 15:39:56,jmartinez,resource,Initiated,2536,2536,00:02:27,0,0,Conn_532_192.168.33.164_1527021595727,NULL
Enterprise Call Id,Call_309_192.168.33.164_1527021582194,,,,,,,,,
22/05/2018 15:39:50,jbetancur,resource,Initiated,2531,2531,00:02:33,0,24,Conn_531_192.168.33.164_1527021589784,NULL
22/05/2018 15:39:46,jbetancur,resource,Received,2536,2531,00:00:04,3,0,Conn_530_192.168.33.164_1527021586008,NULL
Enterprise Call Id,Call_308_192.168.33.164_1527021582182,,,,,,,,,
22/05/2018 15:39:42,jmartinez,resource,Initiated,2536,2531,00:00:14,3,0,Conn_527_192.168.33.164_1527021582169,NULL
Enterprise Call Id,Call_304_192.168.33.164_1527021554732,,,,,,,,,
22/05/2018 15:39:33,jmartinez,resource,Initiated,2536,2536,00:02:51,0,0,Conn_526_192.168.33.164_1527021572687,NULL
Enterprise Call Id,Call_305_192.168.33.164_1527021554742,,,,,,,,,
22/05/2018 15:39:23,jbetancur,resource,Initiated,2531,2531,00:03:01,1,25,Conn_525_192.168.33.164_1527021562790,NULL
22/05/2018 15:39:19,jbetancur,resource,Received,2536,2531,00:00:04,4,0,Conn_524_192.168.33.164_1527021559351,NULL
Enterprise Call Id,Call_304_192.168.33.164_1527021554732,,,,,,,,,
22/05/2018 15:39:15,jmartinez,resource,Initiated,2536,2531,00:00:18,4,0,Conn_521_192.168.33.164_1527021554720,NULL
Enterprise Call Id,Call_300_192.168.33.164_1527021466771,,,,,,,,,
22/05/2018 15:38:05,jbetancur,resource,Initiated,2531,2531,00:04:20,5,1527021526,Conn_520_192.168.33.164_1527021484977,NULL
Enterprise Call Id,Call_301_192.168.33.164_1527021466780,,,,,,,,,
22/05/2018 15:38:01,jmartinez,resource,Initiated,2536,2536,00:04:24,1,1,Conn_519_192.168.33.164_1527021480740,NULL
22/05/2018 15:37:54,jmartinez,resource,Received,2531,2536,00:00:07,6,0,Conn_518_192.168.33.164_1527021473763,NULL
Enterprise Call Id,Call_300_192.168.33.164_1527021466771,,,,,,,,,
22/05/2018 15:37:47,jbetancur,resource,Initiated,2531,2536,00:00:23,7,0,Conn_515_192.168.33.164_1527021466760,NULL
Enterprise Call Id,Call_296_192.168.33.164_1527021221403,,,,,,,,,
22/05/2018 15:33:50,jbetancur,resource,Initiated,2531,2531,00:03:20,0,27,Conn_514_192.168.33.164_1527021229693,NULL
Enterprise Call Id,Call_297_192.168.33.164_1527021221413,,,,,,,,,
22/05/2018 15:33:46,jmartinez,resource,Initiated,2536,2536,00:03:24,1,6,Conn_513_192.168.33.164_1527021225506,NULL
22/05/2018 15:33:42,jmartinez,resource,Received,2531,2536,00:00:04,0,0,Conn_512_192.168.33.164_1527021222159,NULL
Enterprise Call Id,Call_296_192.168.33.164_1527021221403,,,,,,,,,
22/05/2018 15:33:41,jbetancur,resource,Initiated,2531,2536,00:00:08,0,0,Conn_509_192.168.33.164_1527021221392,NULL
Enterprise Call Id,Call_292_192.168.33.164_1527021208506,,,,,,,,,
22/05/2018 15:33:37,jbetancur,resource,Initiated,2531,2531,00:03:41,0,33,Conn_508_192.168.33.164_1527021217482,NULL
Enterprise Call Id,Call_293_192.168.33.164_1527021208515,,,,,,,,,
22/05/2018 15:33:35,jmartinez,resource,Initiated,2536,2536,00:03:44,0,11,Conn_507_192.168.33.164_1527021214713,NULL
22/05/2018 15:33:32,jmartinez,resource,Received,2531,2536,00:00:03,3,0,Conn_506_192.168.33.164_1527021211992,NULL
Enterprise Call Id,Call_292_192.168.33.164_1527021208506,,,,,,,,,
22/05/2018 15:33:28,jbetancur,resource,Initiated,2531,2536,00:00:09,3,0,Conn_503_192.168.33.164_1527021208495,NULL
Enterprise Call Id,Call_288_192.168.33.164_1527021197322,,,,,,,,,
22/05/2018 15:33:27,jbetancur,resource,Initiated,2531,2531,00:03:53,0,39,Conn_502_192.168.33.164_1527021206764,NULL
Enterprise Call Id,Call_289_192.168.33.164_1527021197333,,,,,,,,,
22/05/2018 15:33:25,jmartinez,resource,Initiated,2536,2536,00:03:55,0,15,Conn_501_192.168.33.164_1527021205313,NULL
22/05/2018 15:33:23,jmartinez,resource,Received,2531,2536,00:00:03,5,0,Conn_500_192.168.33.164_1527021202804,NULL
Enterprise Call Id,Call_288_192.168.33.164_1527021197322,,,,,,,,,
22/05/2018 15:33:17,jbetancur,resource,Initiated,2531,2536,00:00:09,5,0,Conn_497_192.168.33.164_1527021197312,NULL
Enterprise Call Id,Call_284_192.168.33.164_1527021187223,,,,,,,,,
22/05/2018 15:33:15,jbetancur,resource,Initiated,2531,2531,00:04:06,0,44,Conn_496_192.168.33.164_1527021195046,NULL
Enterprise Call Id,Call_285_192.168.33.164_1527021187232,,,,,,,,,
22/05/2018 15:33:13,jmartinez,resource,Initiated,2536,2536,00:04:08,0,18,Conn_495_192.168.33.164_1527021192821,NULL
22/05/2018 15:33:10,jmartinez,resource,Received,2531,2536,00:00:03,3,0,Conn_494_192.168.33.164_1527021190397,NULL
Enterprise Call Id,Call_284_192.168.33.164_1527021187223,,,,,,,,,
22/05/2018 15:33:07,jbetancur,resource,Initiated,2531,2536,00:00:07,3,0,Conn_491_192.168.33.164_1527021187213,NULL
Enterprise Call Id,Call_280_192.168.33.164_1527021178064,,,,,,,,,
22/05/2018 15:33:06,jbetancur,resource,Initiated,2531,2531,00:04:17,0,49,Conn_490_192.168.33.164_1527021185526,NULL
Enterprise Call Id,Call_281_192.168.33.164_1527021178074,,,,,,,,,
22/05/2018 15:33:03,jmartinez,resource,Initiated,2536,2536,00:04:19,0,22,Conn_489_192.168.33.164_1527021183428,NULL
22/05/2018 15:33:01,jmartinez,resource,Received,2531,2536,00:00:03,2,0,Conn_488_192.168.33.164_1527021180651,NULL
Enterprise Call Id,Call_280_192.168.33.164_1527021178064,,,,,,,,,
22/05/2018 15:32:58,jbetancur,resource,Initiated,2531,2536,00:00:07,2,0,Conn_485_192.168.33.164_1527021178053,NULL
Enterprise Call Id,Call_276_192.168.33.164_1527021167733,,,,,,,,,
22/05/2018 15:32:54,jbetancur,resource,Initiated,2531,2531,00:04:30,0,53,Conn_484_192.168.33.164_1527021174245,NULL
Enterprise Call Id,Call_277_192.168.33.164_1527021167742,,,,,,,,,
22/05/2018 15:32:52,jmartinez,resource,Initiated,2536,2536,00:04:32,0,25,Conn_483_192.168.33.164_1527021172318,NULL
22/05/2018 15:32:49,jmartinez,resource,Received,2531,2536,00:00:04,1,0,Conn_482_192.168.33.164_1527021168790,NULL
Enterprise Call Id,Call_276_192.168.33.164_1527021167733,,,,,,,,,
22/05/2018 15:32:48,jbetancur,resource,Initiated,2531,2536,00:00:06,1,0,Conn_479_192.168.33.164_1527021167722,NULL
Enterprise Call Id,Call_273_192.168.33.164_1527021146713,,,,,,,,,
22/05/2018 15:32:38,jmartinez,resource,Initiated,2536,2536,00:04:49,1,28,Conn_478_192.168.33.164_1527021157565,NULL
Enterprise Call Id,Call_272_192.168.33.164_1527021146703,,,,,,,,,
22/05/2018 15:32:35,jbetancur,resource,Initiated,2531,2531,00:04:52,0,60,Conn_477_192.168.33.164_1527021154734,NULL
Enterprise Call Id,Call_273_192.168.33.164_1527021146713,,,,,,,,,
22/05/2018 15:32:29,jmartinez,resource,Received,2531,2536,00:00:09,2,0,Conn_476_192.168.33.164_1527021149116,NULL
Enterprise Call Id,Call_272_192.168.33.164_1527021146703,,,,,,,,,
22/05/2018 15:32:27,jbetancur,resource,Initiated,2531,2536,00:00:08,2,0,Conn_473_192.168.33.164_1527021146692,NULL
Enterprise Call Id,Call_269_192.168.33.164_1527021105812,,,,,,,,,
22/05/2018 15:32:19,jmartinez,resource,Initiated,2536,2536,00:05:09,2,59,Conn_472_192.168.33.164_1527021138821,NULL
Enterprise Call Id,Call_268_192.168.33.164_1527021105803,,,,,,,,,
22/05/2018 15:31:53,jbetancur,resource,Initiated,2531,2531,00:05:35,1,85,Conn_471_192.168.33.164_1527021113275,NULL
Enterprise Call Id,Call_269_192.168.33.164_1527021105812,,,,,,,,,
22/05/2018 15:31:49,jmartinez,resource,Received,2531,2536,00:00:32,2,0,Conn_470_192.168.33.164_1527021108687,NULL
Enterprise Call Id,Call_268_192.168.33.164_1527021105803,,,,,,,,,
22/05/2018 15:31:46,jbetancur,resource,Initiated,2531,2536,00:00:08,2,0,Conn_467_192.168.33.164_1527021105792,NULL
Enterprise Call Id,Call_265_192.168.33.164_1527021061517,,,,,,,,,
22/05/2018 15:31:25,jbetancur,resource,Initiated,2531,2531,00:00:13,0,0,Conn_466_192.168.33.164_1527021085457,NULL
Enterprise Call Id,Call_266_192.168.33.164_1527021061526,,,,,,,,,
22/05/2018 15:31:06,jmartinez,resource,Received,2531,2536,00:00:33,4,0,Conn_465_192.168.33.164_1527021066067,NULL
Enterprise Call Id,Call_265_192.168.33.164_1527021061517,,,,,,,,,
22/05/2018 15:31:02,jbetancur,resource,Initiated,2531,2536,00:00:23,4,0,Conn_462_192.168.33.164_1527021061505,NULL
Enterprise Call Id,Call_261_192.168.33.164_1527020530994,,,,,,,,,
22/05/2018 15:22:14,jmartinez,resource,Initiated,2536,2536,00:00:24,1,4,Conn_460_192.168.33.164_1527020534302,NULL
22/05/2018 15:22:11,jmartinez,resource,Initiated,2536,2543,00:00:04,0,0,Conn_456_192.168.33.164_1527020530982,NULL
Enterprise Call Id,Call_257_192.168.33.164_1527020510504,,,,,,,,,
22/05/2018 15:22:05,jmartinez,resource,Initiated,2536,2536,00:00:37,1,8,Conn_455_192.168.33.164_1527020524836,NULL
22/05/2018 15:21:50,jmartinez,resource,Initiated,2536,2543,00:00:15,0,0,Conn_450_192.168.33.164_1527020510492,NULL
Enterprise Call Id,Call_253_192.168.33.164_1527020385203,,,,,,,,,
22/05/2018 15:19:52,jmartinez,resource,Initiated,2536,2536,00:01:19,0,0,Conn_448_192.168.33.164_1527020391620,NULL
22/05/2018 15:19:45,jmartinez,resource,Initiated,2536,2543,00:00:06,3,0,Conn_444_192.168.33.164_1527020385192,NULL
Enterprise Call Id,Call_249_192.168.33.164_1527020375183,,,,,,,,,
22/05/2018 15:19:42,jmartinez,resource,Initiated,2536,2536,00:01:31,0,0,Conn_442_192.168.33.164_1527020382205,NULL
22/05/2018 15:19:35,jmartinez,resource,Initiated,2536,2543,00:00:07,3,0,Conn_438_192.168.33.164_1527020375172,NULL
Enterprise Call Id,Call_245_192.168.33.164_1527020366813,,,,,,,,,
22/05/2018 15:19:32,jmartinez,resource,Initiated,2536,2536,00:03:12,0,70,Conn_436_192.168.33.164_1527020371729,NULL
22/05/2018 15:19:27,jmartinez,resource,Initiated,2536,2543,00:00:05,2,0,Conn_432_192.168.33.164_1527020366802,NULL
Enterprise Call Id,Call_241_192.168.33.164_1527020359343,,,,,,,,,
22/05/2018 15:19:25,jmartinez,resource,Initiated,2536,2536,00:03:21,0,77,Conn_430_192.168.33.164_1527020364721,NULL
22/05/2018 15:19:19,jmartinez,resource,Initiated,2536,2543,00:00:05,0,0,Conn_426_192.168.33.164_1527020359332,NULL
Enterprise Call Id,Call_237_192.168.33.164_1527020347416,,,,,,,,,
22/05/2018 15:19:15,jmartinez,resource,Initiated,2536,2536,00:03:32,0,80,Conn_425_192.168.33.164_1527020354783,NULL
22/05/2018 15:19:07,jmartinez,resource,Initiated,2536,2543,00:00:07,1,0,Conn_420_192.168.33.164_1527020347401,NULL
Enterprise Call Id,Call_233_192.168.33.164_1527020333184,,,,,,,,,
22/05/2018 15:18:58,jmartinez,resource,Initiated,2536,2536,00:03:50,0,83,Conn_418_192.168.33.164_1527020338346,NULL
22/05/2018 15:18:53,jmartinez,resource,Initiated,2536,2543,00:00:05,1,0,Conn_414_192.168.33.164_1527020333172,NULL
Enterprise Call Id,Call_229_192.168.33.164_1527020303926,,,,,,,,,
22/05/2018 15:18:47,jmartinez,resource,Initiated,2536,2536,00:04:03,0,86,Conn_413_192.168.33.164_1527020326745,NULL
22/05/2018 15:18:24,jmartinez,resource,Initiated,2536,2543,00:00:22,1,0,Conn_408_192.168.33.164_1527020303914,NULL
Enterprise Call Id,Call_224_192.168.33.164_1527020232500,,,,,,,,,
22/05/2018 15:17:44,jmartinez,resource,Initiated,2536,2536,00:05:13,1,99,Conn_406_192.168.33.164_1527020264346,NULL
22/05/2018 15:17:29,jmartinez,resource,Initiated,2536,2536,00:00:16,0,0,Conn_405_192.168.33.164_1527020249021,NULL
22/05/2018 15:17:14,jmartinez,resource,Received,2543,2536,00:00:15,1,0,Conn_403_192.168.33.164_1527020233950,NULL
Enterprise Call Id,Call_222_192.168.33.164_1527020216957,,,,,,,,,
22/05/2018 15:16:57,cpinzon,icmp2p,Received,2536,2534,00:00:02,0,0,Conn_399_192.168.33.164_1527020216957,NULL
22/05/2018 15:16:57,jmartinez,icmp2p,Initiated,jmartinez,2534,00:00:02,0,0,Conn_398_192.168.33.164_1527020216932,NULL
Enterprise Call Id,Call_221_192.168.33.164_1527020205576,,,,,,,,,
22/05/2018 15:16:46,fchavez,icmp2p,Received,2536,2535,00:00:05,0,0,Conn_397_192.168.33.164_1527020205576,NULL
22/05/2018 15:16:46,jmartinez,icmp2p,Initiated,jmartinez,2535,00:00:05,0,0,Conn_396_192.168.33.164_1527020205558,NULL
Enterprise Call Id,Call_220_192.168.33.164_1527020191866,,,,,,,,,
22/05/2018 15:16:32,jbetancur,icmp2p,Received,2536,2531,00:00:10,0,0,Conn_395_192.168.33.164_1527020191866,NULL
22/05/2018 15:16:32,jmartinez,icmp2p,Initiated,jmartinez,2531,00:00:10,0,0,Conn_394_192.168.33.164_1527020191817,NULL
Enterprise Call Id,,,,,,,,,,
22/05/2018 15:16:21,jmartinez,resource,Missed,2543,2536,00:00:00,1,0,,NULL
22/05/2018 15:16:14,jmartinez,resource,Missed,2543,2536,00:00:00,4,0,,NULL
Enterprise Call Id,Call_214_192.168.33.164_1527020017628,,,,,,,,,
22/05/2018 15:13:40,jbetancur,record,Received,NiceCssDaSipRecorder,2531,01:10:50,2,0,Conn_385_192.168.33.164_1527020017627,NULL
Enterprise Call Id,Call_215_192.168.33.164_1527020017635,,,,,,,,,
22/05/2018 15:13:40,jbetancur,record,Received,NiceCssDaSipRecorder,2531,01:10:50,2,0,Conn_387_192.168.33.164_1527020017635,NULL
Enterprise Call Id,Call_213_192.168.33.164_1527020017621,,,,,,,,,
22/05/2018 15:13:40,jbetancur,record,Received,NiceCssDaSipRecorder,2531,01:10:50,2,0,Conn_383_192.168.33.164_1527020017621,NULL
Enterprise Call Id,Call_211_192.168.33.164_1527019951581,,,,,,,,,
22/05/2018 15:13:06,jmartinez,resource,Initiated,2536,2536,00:00:13,0,0,Conn_381_192.168.33.164_1527019985998,NULL
22/05/2018 15:12:33,jmartinez,resource,Received,2543,2536,00:00:33,0,0,Conn_380_192.168.33.164_1527019952494,NULL
Enterprise Call Id,Call_204_192.168.33.164_1527019861712,,,,,,,,,
22/05/2018 15:11:04,jmartinez,record,Received,NiceCssDaSipRecorder,2536,01:16:49,2,0,Conn_367_192.168.33.164_1527019861712,NULL
Enterprise Call Id,Call_205_192.168.33.164_1527019861716,,,,,,,,,
22/05/2018 15:11:04,jmartinez,record,Received,NiceCssDaSipRecorder,2536,01:16:49,2,0,Conn_368_192.168.33.164_1527019861716,NULL
Enterprise Call Id,Call_206_192.168.33.164_1527019861723,,,,,,,,,
22/05/2018 15:11:04,jmartinez,record,Received,NiceCssDaSipRecorder,2536,01:16:49,2,0,Conn_370_192.168.33.164_1527019861723,NULL
Enterprise Call Id,Call_199_192.168.33.164_1527019717436,,,,,,,,,
22/05/2018 15:10:09,jmartinez,resource,Initiated,2536,2536,00:00:35,0,0,Conn_364_192.168.33.164_1527019809328,NULL
22/05/2018 15:08:53,jmartinez,resource,Initiated,2536,2536,00:01:15,0,0,Conn_362_192.168.33.164_1527019733383,NULL
22/05/2018 15:08:40,jmartinez,resource,Received,2543,2536,00:00:13,2,0,Conn_360_192.168.33.164_1527019719985,NULL
Enterprise Call Id,Call_164_192.168.33.164_1527018526969,,,,,,,,,
22/05/2018 14:55:43,cpinzon,resource,Initiated,2534,2534,00:00:07,0,0,Conn_356_192.168.33.164_1527018943340,NULL
Enterprise Call Id,Call_165_192.168.33.164_1527018526979,,,,,,,,,
22/05/2018 14:55:24,fchavez,resource,Initiated,2535,2535,00:00:11,0,0,Conn_355_192.168.33.164_1527018923924,NULL
Enterprise Call Id,Call_164_192.168.33.164_1527018526969,,,,,,,,,
22/05/2018 14:55:19,cpinzon,resource,Initiated,2534,2534,00:00:16,0,0,Conn_354_192.168.33.164_1527018919134,NULL
Enterprise Call Id,Call_195_192.168.33.164_1527018793431,,,,,,,,,
22/05/2018 14:53:22,fchavez,resource,Initiated,2535,2535,00:02:53,0,41,Conn_353_192.168.33.164_1527018802322,NULL
Enterprise Call Id,Call_194_192.168.33.164_1527018793421,,,,,,,,,
22/05/2018 14:53:20,cpinzon,resource,Initiated,2534,2534,00:02:55,0,46,Conn_352_192.168.33.164_1527018799771,NULL
Enterprise Call Id,Call_195_192.168.33.164_1527018793431,,,,,,,,,
22/05/2018 14:53:16,fchavez,resource,Received,2534,2535,00:00:06,2,0,Conn_351_192.168.33.164_1527018795928,NULL
Enterprise Call Id,Call_194_192.168.33.164_1527018793421,,,,,,,,,
22/05/2018 14:53:13,cpinzon,resource,Initiated,2534,2535,00:00:06,2,0,Conn_348_192.168.33.164_1527018793409,NULL
Enterprise Call Id,Call_191_192.168.33.164_1527018778172,,,,,,,,,
22/05/2018 14:53:06,fchavez,resource,Initiated,2535,2535,00:03:10,0,46,Conn_347_192.168.33.164_1527018785835,NULL
Enterprise Call Id,Call_190_192.168.33.164_1527018778164,,,,,,,,,
22/05/2018 14:53:04,cpinzon,resource,Initiated,2534,2534,00:03:12,0,51,Conn_346_192.168.33.164_1527018784353,NULL
Enterprise Call Id,Call_191_192.168.33.164_1527018778172,,,,,,,,,
22/05/2018 14:53:00,fchavez,resource,Received,2534,2535,00:00:06,1,0,Conn_345_192.168.33.164_1527018779613,NULL
Enterprise Call Id,Call_190_192.168.33.164_1527018778164,,,,,,,,,
22/05/2018 14:52:58,cpinzon,resource,Initiated,2534,2535,00:00:06,1,0,Conn_342_192.168.33.164_1527018778153,NULL
Enterprise Call Id,Call_186_192.168.33.164_1527018756856,,,,,,,,,
22/05/2018 14:52:47,cpinzon,resource,Initiated,2534,2534,00:03:33,0,55,Conn_341_192.168.33.164_1527018766948,NULL
Enterprise Call Id,Call_187_192.168.33.164_1527018756865,,,,,,,,,
22/05/2018 14:52:45,fchavez,resource,Initiated,2535,2535,00:03:34,0,52,Conn_340_192.168.33.164_1527018765234,NULL
22/05/2018 14:52:40,fchavez,resource,Received,2534,2535,00:00:05,2,0,Conn_339_192.168.33.164_1527018759693,NULL
Enterprise Call Id,Call_186_192.168.33.164_1527018756856,,,,,,,,,
22/05/2018 14:52:37,cpinzon,resource,Initiated,2534,2535,00:00:10,2,0,Conn_336_192.168.33.164_1527018756844,NULL
Enterprise Call Id,Call_183_192.168.33.164_1527018745011,,,,,,,,,
22/05/2018 14:52:31,fchavez,resource,Initiated,2535,2535,00:03:51,0,56,Conn_335_192.168.33.164_1527018751109,NULL
Enterprise Call Id,Call_182_192.168.33.164_1527018745002,,,,,,,,,
22/05/2018 14:52:31,cpinzon,resource,Initiated,2534,2534,00:03:52,0,59,Conn_334_192.168.33.164_1527018750800,NULL
Enterprise Call Id,Call_183_192.168.33.164_1527018745011,,,,,,,,,
22/05/2018 14:52:26,fchavez,resource,Received,2534,2535,00:00:05,0,0,Conn_333_192.168.33.164_1527018745942,NULL
Enterprise Call Id,Call_182_192.168.33.164_1527018745002,,,,,,,,,
22/05/2018 14:52:25,cpinzon,resource,Initiated,2534,2535,00:00:05,0,0,Conn_330_192.168.33.164_1527018744991,NULL
Enterprise Call Id,Call_179_192.168.33.164_1527018726147,,,,,,,,,
22/05/2018 14:52:17,fchavez,resource,Initiated,2535,2535,00:04:08,0,62,Conn_328_192.168.33.164_1527018736987,NULL
Enterprise Call Id,Call_178_192.168.33.164_1527018726138,,,,,,,,,
22/05/2018 14:52:17,cpinzon,resource,Initiated,2534,2534,00:04:07,0,63,Conn_329_192.168.33.164_1527018737486,NULL
Enterprise Call Id,Call_179_192.168.33.164_1527018726147,,,,,,,,,
22/05/2018 14:52:12,fchavez,resource,Received,2534,2535,00:00:05,5,0,Conn_327_192.168.33.164_1527018731952,NULL
Enterprise Call Id,Call_178_192.168.33.164_1527018726138,,,,,,,,,
22/05/2018 14:52:06,cpinzon,resource,Initiated,2534,2535,00:00:11,5,0,Conn_324_192.168.33.164_1527018726125,NULL
Enterprise Call Id,Call_174_192.168.33.164_1527018701416,,,,,,,,,
22/05/2018 14:52:00,cpinzon,resource,Initiated,2534,2534,00:04:26,0,71,Conn_323_192.168.33.164_1527018719955,NULL
Enterprise Call Id,Call_175_192.168.33.164_1527018701426,,,,,,,,,
22/05/2018 14:51:54,fchavez,resource,Initiated,2535,2535,00:04:32,0,68,Conn_322_192.168.33.164_1527018714052,NULL
22/05/2018 14:51:48,fchavez,resource,Received,2534,2535,00:00:06,6,0,Conn_321_192.168.33.164_1527018707981,NULL
Enterprise Call Id,Call_174_192.168.33.164_1527018701416,,,,,,,,,
22/05/2018 14:51:41,cpinzon,resource,Initiated,2534,2535,00:00:18,6,0,Conn_318_192.168.33.164_1527018701405,NULL
Enterprise Call Id,Call_170_192.168.33.164_1527018670557,,,,,,,,,
22/05/2018 14:51:34,cpinzon,resource,Initiated,2534,2534,00:04:54,0,80,Conn_317_192.168.33.164_1527018693823,NULL
Enterprise Call Id,Call_171_192.168.33.164_1527018670566,,,,,,,,,
22/05/2018 14:51:27,fchavez,resource,Initiated,2535,2535,00:05:00,0,82,Conn_316_192.168.33.164_1527018687477,NULL
22/05/2018 14:51:12,fchavez,resource,Received,2534,2535,00:00:15,1,0,Conn_315_192.168.33.164_1527018672301,NULL
Enterprise Call Id,Call_170_192.168.33.164_1527018670557,,,,,,,,,
22/05/2018 14:51:11,cpinzon,resource,Initiated,2534,2535,00:00:23,1,0,Conn_312_192.168.33.164_1527018670545,NULL
Enterprise Call Id,Call_164_192.168.33.164_1527018526969,,,,,,,,,
22/05/2018 14:49:46,cpinzon,resource,Initiated,2534,2534,00:06:43,9,143,Conn_311_192.168.33.164_1527018585967,NULL
Enterprise Call Id,Call_165_192.168.33.164_1527018526979,,,,,,,,,
22/05/2018 14:49:28,fchavez,resource,Initiated,2535,2535,00:07:01,30,1527018745,Conn_310_192.168.33.164_1527018567647,NULL
Enterprise Call Id,Call_164_192.168.33.164_1527018526969,,,,,,,,,
22/05/2018 14:49:04,cpinzon,resource,Initiated,2534,2534,00:00:51,0,0,Conn_309_192.168.33.164_1527018543879,NULL
Enterprise Call Id,Call_165_192.168.33.164_1527018526979,,,,,,,,,
22/05/2018 14:49:02,fchavez,resource,Initiated,2535,2535,00:00:55,0,0,Conn_308_192.168.33.164_1527018542232,NULL
22/05/2018 14:48:52,fchavez,resource,Received,2534,2535,00:00:10,4,0,Conn_307_192.168.33.164_1527018531809,NULL
Enterprise Call Id,Call_164_192.168.33.164_1527018526969,,,,,,,,,
22/05/2018 14:48:47,cpinzon,resource,Initiated,2534,2535,00:00:16,4,0,Conn_304_192.168.33.164_1527018526956,NULL
Enterprise Call Id,Call_161_192.168.33.164_1527018513693,,,,,,,,,
22/05/2018 14:48:36,fchavez,record,Received,NiceCssDaSipRecorder,2535,01:39:31,2,0,Conn_300_192.168.33.164_1527018513692,NULL
Enterprise Call Id,Call_163_192.168.33.164_1527018513706,,,,,,,,,
22/05/2018 14:48:36,fchavez,record,Received,NiceCssDaSipRecorder,2535,01:39:31,2,0,Conn_303_192.168.33.164_1527018513706,NULL
Enterprise Call Id,Call_162_192.168.33.164_1527018513698,,,,,,,,,
22/05/2018 14:48:36,fchavez,record,Received,NiceCssDaSipRecorder,2535,01:39:31,2,0,Conn_301_192.168.33.164_1527018513698,NULL
Enterprise Call Id,Call_159_192.168.33.164_1527018501701,,,,,,,,,
22/05/2018 14:48:24,cpinzon,record,Received,NiceCssDaSipRecorder,2534,01:36:14,2,0,Conn_295_192.168.33.164_1527018501701,NULL
Enterprise Call Id,Call_160_192.168.33.164_1527018501707,,,,,,,,,
22/05/2018 14:48:24,cpinzon,record,Received,NiceCssDaSipRecorder,2534,01:36:14,2,0,Conn_297_192.168.33.164_1527018501707,NULL
Enterprise Call Id,Call_158_192.168.33.164_1527018501696,,,,,,,,,
22/05/2018 14:48:24,cpinzon,record,Received,NiceCssDaSipRecorder,2534,01:36:14,2,0,Conn_294_192.168.33.164_1527018501696,NULL
Enterprise Call Id,Call_151_192.168.33.164_1527018379985,,,,,,,,,
22/05/2018 14:47:42,fchavez,resource,Initiated,2535,2535,00:00:05,0,0,Conn_291_192.168.33.164_1527018462325,NULL
Enterprise Call Id,,,,,,,,,,
22/05/2018 14:47:06,fchavez,resource,Initiated,2535,2535,00:00:52,52,0,Conn_290_192.168.33.164_1527018426064,NULL
Enterprise Call Id,Call_150_192.168.33.164_1527018379976,,,,,,,,,
22/05/2018 14:47:06,cpinzon,resource,Initiated,2534,2534,00:00:57,0,0,Conn_289_192.168.33.164_1527018426030,NULL
22/05/2018 14:46:45,cpinzon,resource,Initiated,2534,2534,00:00:21,0,0,Conn_288_192.168.33.164_1527018405042,NULL
22/05/2018 14:46:29,cpinzon,resource,Initiated,2534,2534,00:00:15,0,0,Conn_287_192.168.33.164_1527018389353,NULL
22/05/2018 14:46:27,cpinzon,resource,Initiated,2534,2534,00:00:02,0,0,Conn_286_192.168.33.164_1527018387276,NULL
22/05/2018 14:46:26,cpinzon,resource,Initiated,2534,2534,00:00:01,0,0,Conn_285_192.168.33.164_1527018386207,NULL
Enterprise Call Id,Call_151_192.168.33.164_1527018379985,,,,,,,,,
22/05/2018 14:46:24,fchavez,resource,Initiated,2535,2535,00:01:39,0,0,Conn_284_192.168.33.164_1527018383769,NULL
22/05/2018 14:46:22,fchavez,resource,Received,2534,2535,00:00:01,2,0,Conn_283_192.168.33.164_1527018382266,NULL
Enterprise Call Id,Call_150_192.168.33.164_1527018379976,,,,,,,,,
22/05/2018 14:46:20,cpinzon,resource,Initiated,2534,2535,00:00:06,2,0,Conn_280_192.168.33.164_1527018379966,NULL
Enterprise Call Id,Call_148_192.168.33.164_1527018342974,,,,,,,,,
22/05/2018 14:46:01,fchavez,resource,Initiated,2535,2535,00:00:15,0,0,Conn_279_192.168.33.164_1527018360621,NULL
22/05/2018 14:45:45,fchavez,resource,Received,2534,2535,00:00:15,1,0,Conn_278_192.168.33.164_1527018344830,NULL
Enterprise Call Id,Call_147_192.168.33.164_1527018342961,,,,,,,,,
22/05/2018 14:45:43,cpinzon,resource,Initiated,2534,2535,00:00:33,1,0,Conn_275_192.168.33.164_1527018342945,NULL
Enterprise Call Id,Call_146_192.168.33.164_1527018313547,,,,,,,,,
22/05/2018 14:45:15,fchavez,resource,Received,2534,2535,00:00:22,1,0,Conn_274_192.168.33.164_1527018315135,NULL
Enterprise Call Id,Call_145_192.168.33.164_1527018313538,,,,,,,,,
22/05/2018 14:45:14,cpinzon,resource,Initiated,2534,2535,00:00:24,1,0,Conn_271_192.168.33.164_1527018313526,NULL
Enterprise Call Id,Call_144_192.168.33.164_1527018308068,,,,,,,,,
22/05/2018 14:45:08,cpinzon,resource,Initiated,2534,2553,00:00:00,0,0,Conn_269_192.168.33.164_1527018308055,NULL
Enterprise Call Id,Call_143_192.168.33.164_1527018148107,,,,,,,,,
22/05/2018 14:42:30,fchavez,resource,Received,2534,2535,00:01:18,2,0,Conn_268_192.168.33.164_1527018150425,NULL
Enterprise Call Id,Call_142_192.168.33.164_1527018148098,,,,,,,,,
22/05/2018 14:42:28,cpinzon,resource,Initiated,2534,2535,00:01:20,2,0,Conn_265_192.168.33.164_1527018148087,NULL
Enterprise Call Id,Call_141_192.168.33.164_1527018140948,,,,,,,,,
22/05/2018 14:42:23,fchavez,resource,Received,2534,2535,00:00:07,2,0,Conn_264_192.168.33.164_1527018143126,NULL
22/05/2018 14:42:21,LineUser_CH,resource,Line,2535,2534,00:01:26,2,0,Conn_263_192.168.33.164_1527018140942,NULL
Enterprise Call Id,Call_140_192.168.33.164_1527018140938,,,,,,,,,
22/05/2018 14:42:21,cpinzon,resource,Initiated,2534,2535,00:01:26,2,0,Conn_261_192.168.33.164_1527018140927,NULL
Enterprise Call Id,Call_137_192.168.33.164_1527017942882,,,,,,,,,
22/05/2018 14:39:05,cpinzon,record,Received,NiceCssDaSipRecorder,2534,00:09:08,2,0,Conn_256_192.168.33.164_1527017942882,NULL
Enterprise Call Id,Call_138_192.168.33.164_1527017942889,,,,,,,,,
22/05/2018 14:39:05,cpinzon,record,Received,NiceCssDaSipRecorder,2534,00:09:08,2,0,Conn_258_192.168.33.164_1527017942889,NULL
Enterprise Call Id,Call_139_192.168.33.164_1527017942895,,,,,,,,,
22/05/2018 14:39:05,cpinzon,record,Received,NiceCssDaSipRecorder,2534,00:09:08,2,0,Conn_260_192.168.33.164_1527017942895,NULL
Enterprise Call Id,Call_136_192.168.33.164_1527017726592,,,,,,,,,
22/05/2018 14:35:29,fchavez,resource,Received,2534,2535,00:00:37,2,0,Conn_254_192.168.33.164_1527017729438,NULL
Enterprise Call Id,Call_135_192.168.33.164_1527017726580,,,,,,,,,
22/05/2018 14:35:27,cpinzon,resource,Initiated,2534,2535,00:00:40,2,0,Conn_251_192.168.33.164_1527017726565,NULL
Enterprise Call Id,Call_134_192.168.33.164_1527017642892,,,,,,,,,
22/05/2018 14:34:07,fchavez,resource,Received,2534,2535,00:01:22,3,0,Conn_250_192.168.33.164_1527017646684,NULL
Enterprise Call Id,Call_133_192.168.33.164_1527017642881,,,,,,,,,
22/05/2018 14:34:03,cpinzon,resource,Initiated,2534,2535,00:01:26,3,0,Conn_247_192.168.33.164_1527017642867,NULL
Enterprise Call Id,Call_127_192.168.33.164_1527017516251,,,,,,,,,
22/05/2018 14:32:01,jmartinez,record,Received,NiceCssDaSipRecorder,2536,00:38:51,4,0,Conn_236_192.168.33.164_1527017516251,NULL
Enterprise Call Id,Call_128_192.168.33.164_1527017516257,,,,,,,,,
22/05/2018 14:32:01,jmartinez,record,Received,NiceCssDaSipRecorder,2536,00:38:51,4,0,Conn_238_192.168.33.164_1527017516257,NULL
Enterprise Call Id,Call_129_192.168.33.164_1527017516265,,,,,,,,,
22/05/2018 14:32:01,jmartinez,record,Received,NiceCssDaSipRecorder,2536,00:38:51,4,0,Conn_240_192.168.33.164_1527017516265,NULL
Enterprise Call Id,Call_121_192.168.33.164_1527017463392,,,,,,,,,
22/05/2018 14:31:08,fchavez,record,Received,NiceCssDaSipRecorder,2535,00:17:11,4,0,Conn_224_192.168.33.164_1527017463392,NULL
Enterprise Call Id,Call_122_192.168.33.164_1527017463399,,,,,,,,,
22/05/2018 14:31:08,fchavez,record,Received,NiceCssDaSipRecorder,2535,00:17:11,4,0,Conn_226_192.168.33.164_1527017463399,NULL
Enterprise Call Id,Call_123_192.168.33.164_1527017463407,,,,,,,,,
22/05/2018 14:31:08,fchavez,record,Received,NiceCssDaSipRecorder,2535,00:17:11,4,0,Conn_228_192.168.33.164_1527017463406,NULL
Enterprise Call Id,Call_118_192.168.33.164_1527017453958,,,,,,,,,
22/05/2018 14:30:58,cpinzon,record,Received,NiceCssDaSipRecorder,2534,00:06:27,4,0,Conn_218_192.168.33.164_1527017453957,NULL
Enterprise Call Id,Call_119_192.168.33.164_1527017453966,,,,,,,,,
22/05/2018 14:30:58,cpinzon,record,Received,NiceCssDaSipRecorder,2534,00:06:27,4,0,Conn_220_192.168.33.164_1527017453965,NULL
Enterprise Call Id,Call_120_192.168.33.164_1527017453972,,,,,,,,,
22/05/2018 14:30:58,cpinzon,record,Received,NiceCssDaSipRecorder,2534,00:06:27,4,0,Conn_222_192.168.33.164_1527017453972,NULL
Enterprise Call Id,Call_116_192.168.33.164_1527017447327,,,,,,,,,
22/05/2018 14:30:50,jbetancur,record,Received,NiceCssDaSipRecorder,2531,00:42:41,2,0,Conn_214_192.168.33.164_1527017447327,NULL
Enterprise Call Id,Call_115_192.168.33.164_1527017447323,,,,,,,,,
22/05/2018 14:30:50,jbetancur,record,Received,NiceCssDaSipRecorder,2531,00:42:41,2,0,Conn_213_192.168.33.164_1527017447322,NULL
Enterprise Call Id,Call_117_192.168.33.164_1527017447333,,,,,,,,,
22/05/2018 14:30:50,jbetancur,record,Received,NiceCssDaSipRecorder,2531,00:42:41,2,0,Conn_216_192.168.33.164_1527017447333,NULL
Enterprise Call Id,Call_114_192.168.33.164_1527017365360,,,,,,,,,
22/05/2018 14:29:30,jbetancur,record,Received,NiceCssDaSipRecorder,2531,00:01:00,4,0,Conn_210_192.168.33.164_1527017365359,NULL
Enterprise Call Id,Call_113_192.168.33.164_1527017365355,,,,,,,,,
22/05/2018 14:29:30,jbetancur,record,Received,NiceCssDaSipRecorder,2531,00:01:00,4,0,Conn_209_192.168.33.164_1527017365355,NULL
Enterprise Call Id,Call_112_192.168.33.164_1527017365355,,,,,,,,,
22/05/2018 14:29:30,jbetancur,record,Received,NiceCssDaSipRecorder,2531,00:01:00,4,0,Conn_208_192.168.33.164_1527017365354,NULL
Enterprise Call Id,Call_111_192.168.33.164_1527008154511,,,,,,,,,
22/05/2018 11:55:55,jbetancur,resource,Initiated,2531,2525,00:00:00,0,0,Conn_203_192.168.33.164_1527008154499,NULL
Enterprise Call Id,Call_109_192.168.33.164_1527008102095,,,,,,,,,
22/05/2018 11:55:23,cpinzon,resource,Initiated,2534,2534,00:00:33,0,0,Conn_202_192.168.33.164_1527008123144,NULL
22/05/2018 11:55:04,cpinzon,resource,Received,2531,2534,00:00:19,1,0,Conn_201_192.168.33.164_1527008103936,NULL
Enterprise Call Id,Call_108_192.168.33.164_1527008102083,,,,,,,,,
22/05/2018 11:55:02,jbetancur,resource,Initiated,2531,2534,00:00:55,1,0,Conn_198_192.168.33.164_1527008102069,NULL
Enterprise Call Id,Call_103_192.168.33.164_1527007956312,,,,,,,,,
22/05/2018 11:53:00,jbetancur,resource,Initiated,2531,2531,00:00:11,0,0,Conn_197_192.168.33.164_1527007980310,NULL
22/05/2018 11:52:52,jbetancur,resource,Initiated,2531,2531,00:00:08,0,0,Conn_196_192.168.33.164_1527007972333,NULL
22/05/2018 11:52:49,jbetancur,resource,Initiated,2531,2531,00:00:02,0,0,Conn_195_192.168.33.164_1527007969450,NULL
22/05/2018 11:52:36,jbetancur,resource,Initiated,2531,2543,00:00:13,1,0,Conn_191_192.168.33.164_1527007956301,NULL
Enterprise Call Id,Call_102_192.168.33.164_1527007949086,,,,,,,,,
22/05/2018 11:52:30,cpinzon,resource,Received,2535,2534,00:00:40,1,0,Conn_190_192.168.33.164_1527007950385,NULL
Enterprise Call Id,Call_101_192.168.33.164_1527007949077,,,,,,,,,
22/05/2018 11:52:29,fchavez,resource,Initiated,2535,2534,00:00:42,1,0,Conn_187_192.168.33.164_1527007949066,NULL
Enterprise Call Id,Call_100_192.168.33.164_1527007935684,,,,,,,,,
22/05/2018 11:52:17,cpinzon,resource,Received,2535,2534,00:00:07,1,0,Conn_186_192.168.33.164_1527007937011,NULL
Enterprise Call Id,Call_99_192.168.33.164_1527007935673,,,,,,,,,
22/05/2018 11:52:16,fchavez,resource,Initiated,2535,2534,00:00:08,1,0,Conn_183_192.168.33.164_1527007935656,NULL
Enterprise Call Id,Call_97_192.168.33.164_1527007841583,,,,,,,,,
22/05/2018 11:50:44,jbetancur,record,Received,NiceCssDaSipRecorder,2531,00:08:22,2,0,Conn_180_192.168.33.164_1527007841583,NULL
Enterprise Call Id,Call_96_192.168.33.164_1527007841576,,,,,,,,,
22/05/2018 11:50:44,jbetancur,record,Received,NiceCssDaSipRecorder,2531,00:08:22,2,0,Conn_178_192.168.33.164_1527007841576,NULL
Enterprise Call Id,Call_98_192.168.33.164_1527007841597,,,,,,,,,
22/05/2018 11:50:44,jbetancur,record,Received,NiceCssDaSipRecorder,2531,00:08:22,2,0,Conn_182_192.168.33.164_1527007841597,NULL
Enterprise Call Id,Call_93_192.168.33.164_1527007841380,,,,,,,,,
22/05/2018 11:50:44,fchavez,record,Received,NiceCssDaSipRecorder,2535,00:08:49,2,0,Conn_173_192.168.33.164_1527007841380,NULL
Enterprise Call Id,Call_94_192.168.33.164_1527007841383,,,,,,,,,
22/05/2018 11:50:44,fchavez,record,Received,NiceCssDaSipRecorder,2535,00:08:49,2,0,Conn_174_192.168.33.164_1527007841383,NULL
Enterprise Call Id,Call_95_192.168.33.164_1527007841390,,,,,,,,,
22/05/2018 11:50:44,fchavez,record,Received,NiceCssDaSipRecorder,2535,00:08:49,2,0,Conn_176_192.168.33.164_1527007841390,NULL
Enterprise Call Id,Call_91_192.168.33.164_1527007830343,,,,,,,,,
22/05/2018 11:50:33,cpinzon,record,Received,NiceCssDaSipRecorder,2534,00:08:05,2,0,Conn_168_192.168.33.164_1527007830342,NULL
Enterprise Call Id,Call_92_192.168.33.164_1527007830349,,,,,,,,,
22/05/2018 11:50:33,cpinzon,record,Received,NiceCssDaSipRecorder,2534,00:08:05,2,0,Conn_170_192.168.33.164_1527007830349,NULL
Enterprise Call Id,Call_90_192.168.33.164_1527007830335,,,,,,,,,
22/05/2018 11:50:33,cpinzon,record,Received,NiceCssDaSipRecorder,2534,00:08:05,2,0,Conn_166_192.168.33.164_1527007830335,NULL
Enterprise Call Id,Call_84_192.168.33.164_1527007820580,,,,,,,,,
22/05/2018 11:50:23,jmartinez,record,Received,NiceCssDaSipRecorder,2536,00:10:16,2,0,Conn_154_192.168.33.164_1527007820580,NULL
Enterprise Call Id,Call_85_192.168.33.164_1527007820585,,,,,,,,,
22/05/2018 11:50:23,jmartinez,record,Received,NiceCssDaSipRecorder,2536,00:10:16,2,0,Conn_156_192.168.33.164_1527007820585,NULL
Enterprise Call Id,Call_86_192.168.33.164_1527007820592,,,,,,,,,
22/05/2018 11:50:23,jmartinez,record,Received,NiceCssDaSipRecorder,2536,00:10:16,2,0,Conn_158_192.168.33.164_1527007820592,NULL
Enterprise Call Id,Call_83_192.168.33.164_1527007651900,,,,,,,,,
22/05/2018 11:47:34,jmartinez,resource,Received,2535,2536,00:02:02,2,0,Conn_152_192.168.33.164_1527007654291,NULL
Enterprise Call Id,Call_82_192.168.33.164_1527007651890,,,,,,,,,
22/05/2018 11:47:32,fchavez,resource,Initiated,2535,2536,00:02:05,2,0,Conn_149_192.168.33.164_1527007651877,NULL
Enterprise Call Id,Call_79_192.168.33.164_1527007634291,,,,,,,,,
22/05/2018 11:47:17,fchavez,record,Received,NiceCssDaSipRecorder,2535,00:02:34,2,0,Conn_144_192.168.33.164_1527007634291,NULL
Enterprise Call Id,Call_80_192.168.33.164_1527007634299,,,,,,,,,
22/05/2018 11:47:17,fchavez,record,Received,NiceCssDaSipRecorder,2535,00:02:34,2,0,Conn_146_192.168.33.164_1527007634298,NULL
Enterprise Call Id,Call_81_192.168.33.164_1527007634307,,,,,,,,,
22/05/2018 11:47:17,fchavez,record,Received,NiceCssDaSipRecorder,2535,00:02:34,2,0,Conn_148_192.168.33.164_1527007634306,NULL
Enterprise Call Id,Call_78_192.168.33.164_1527007549923,,,,,,,,,
22/05/2018 11:45:57,fchavez,resource,Received,2536,2535,00:01:00,7,0,Conn_142_192.168.33.164_1527007557166,NULL
Enterprise Call Id,Call_77_192.168.33.164_1527007549914,,,,,,,,,
22/05/2018 11:45:50,jmartinez,resource,Initiated,2536,2535,00:01:08,7,0,Conn_139_192.168.33.164_1527007549903,NULL
Enterprise Call Id,Call_75_192.168.33.164_1527007494002,,,,,,,,,
22/05/2018 11:44:54,fchavez,resource,Initiated,2535,2543,00:00:45,45,0,Conn_136_192.168.33.164_1527007493991,NULL
Enterprise Call Id,Call_72_192.168.33.164_1527007478710,,,,,,,,,
22/05/2018 11:44:41,fchavez,record,Received,NiceCssDaSipRecorder,2535,00:02:22,2,0,Conn_131_192.168.33.164_1527007478710,NULL
Enterprise Call Id,Call_73_192.168.33.164_1527007478716,,,,,,,,,
22/05/2018 11:44:41,fchavez,record,Received,NiceCssDaSipRecorder,2535,00:02:22,2,0,Conn_133_192.168.33.164_1527007478715,NULL
Enterprise Call Id,Call_74_192.168.33.164_1527007478724,,,,,,,,,
22/05/2018 11:44:41,fchavez,record,Received,NiceCssDaSipRecorder,2535,00:02:22,2,0,Conn_135_192.168.33.164_1527007478724,NULL
Enterprise Call Id,Call_64_192.168.33.164_1527007280086,,,,,,,,,
22/05/2018 11:43:17,cpinzon,resource,Initiated,2534,2534,00:00:01,0,0,Conn_129_192.168.33.164_1527007396502,NULL
Enterprise Call Id,Call_66_192.168.33.164_1527007296456,,,,,,,,,
22/05/2018 11:42:22,jmartinez,resource,Initiated,2536,2536,00:01:03,0,54,Conn_128_192.168.33.164_1527007341568,NULL
Enterprise Call Id,Call_67_192.168.33.164_1527007296465,,,,,,,,,
22/05/2018 11:42:05,jbetancur,resource,Initiated,2531,2531,00:01:20,3,42,Conn_127_192.168.33.164_1527007324726,NULL
22/05/2018 11:41:49,jbetancur,resource,Initiated,2531,2531,00:00:19,0,0,Conn_126_192.168.33.164_1527007308891,NULL
Enterprise Call Id,Call_66_192.168.33.164_1527007296456,,,,,,,,,
22/05/2018 11:41:45,jmartinez,resource,Initiated,2536,2536,00:00:36,0,0,Conn_125_192.168.33.164_1527007304763,NULL
Enterprise Call Id,Call_67_192.168.33.164_1527007296465,,,,,,,,,
22/05/2018 11:41:38,jbetancur,resource,Received,2536,2531,00:00:11,1,0,Conn_124_192.168.33.164_1527007297796,NULL
Enterprise Call Id,Call_66_192.168.33.164_1527007296456,,,,,,,,,
22/05/2018 11:41:36,jmartinez,resource,Initiated,2536,2531,00:00:08,1,0,Conn_121_192.168.33.164_1527007296445,NULL
Enterprise Call Id,Call_64_192.168.33.164_1527007280086,,,,,,,,,
22/05/2018 11:41:20,cpinzon,resource,Initiated,2534,2543,00:01:58,1,0,Conn_117_192.168.33.164_1527007280076,NULL
Enterprise Call Id,Call_63_192.168.33.164_1527007275707,,,,,,,,,
22/05/2018 11:41:16,cpinzon,resource,Initiated,2534,253,00:00:00,0,0,Conn_115_192.168.33.164_1527007275695,NULL
Enterprise Call Id,Call_62_192.168.33.164_1527007251357,,,,,,,,,
22/05/2018 11:40:57,jmartinez,resource,Received,2534,2536,00:00:05,5,0,Conn_114_192.168.33.164_1527007257068,NULL
Enterprise Call Id,Call_61_192.168.33.164_1527007251347,,,,,,,,,
22/05/2018 11:40:51,cpinzon,resource,Initiated,2534,2536,00:00:11,5,0,Conn_111_192.168.33.164_1527007251336,NULL
Enterprise Call Id,Call_58_192.168.33.164_1527007204202,,,,,,,,,
22/05/2018 11:40:24,cpinzon,resource,Initiated,2534,2534,00:00:24,0,0,Conn_110_192.168.33.164_1527007223807,NULL
22/05/2018 11:40:04,cpinzon,resource,Initiated,2534,2543,00:00:19,2,0,Conn_106_192.168.33.164_1527007204190,NULL
Enterprise Call Id,Call_55_192.168.33.164_1527007093399,,,,,,,,,
22/05/2018 11:38:18,fchavez,record,Received,NiceCssDaSipRecorder,2535,00:00:50,4,0,Conn_102_192.168.33.164_1527007093399,NULL
Enterprise Call Id,Call_56_192.168.33.164_1527007093403,,,,,,,,,
22/05/2018 11:38:18,fchavez,record,Received,NiceCssDaSipRecorder,2535,00:00:50,4,0,Conn_104_192.168.33.164_1527007093403,NULL
Enterprise Call Id,Call_57_192.168.33.164_1527007093407,,,,,,,,,
22/05/2018 11:38:18,fchavez,record,Received,NiceCssDaSipRecorder,2535,00:00:50,4,0,Conn_105_192.168.33.164_1527007093407,NULL
Enterprise Call Id,Call_52_192.168.33.164_1527007056120,,,,,,,,,
22/05/2018 11:37:40,jbetancur,record,Received,NiceCssDaSipRecorder,2531,00:12:16,4,0,Conn_96_192.168.33.164_1527007056120,NULL
Enterprise Call Id,Call_53_192.168.33.164_1527007056125,,,,,,,,,
22/05/2018 11:37:40,jbetancur,record,Received,NiceCssDaSipRecorder,2531,00:12:16,4,0,Conn_98_192.168.33.164_1527007056125,NULL
Enterprise Call Id,Call_54_192.168.33.164_1527007056128,,,,,,,,,
22/05/2018 11:37:40,jbetancur,record,Received,NiceCssDaSipRecorder,2531,00:12:16,4,0,Conn_99_192.168.33.164_1527007056128,NULL
Enterprise Call Id,Call_49_192.168.33.164_1527007053462,,,,,,,,,
22/05/2018 11:37:38,jmartinez,record,Received,NiceCssDaSipRecorder,2536,00:12:04,4,0,Conn_90_192.168.33.164_1527007053462,NULL
Enterprise Call Id,Call_50_192.168.33.164_1527007053465,,,,,,,,,
22/05/2018 11:37:38,jmartinez,record,Received,NiceCssDaSipRecorder,2536,00:12:04,4,0,Conn_91_192.168.33.164_1527007053465,NULL
Enterprise Call Id,Call_51_192.168.33.164_1527007053471,,,,,,,,,
22/05/2018 11:37:38,jmartinez,record,Received,NiceCssDaSipRecorder,2536,00:12:04,4,0,Conn_93_192.168.33.164_1527007053470,NULL
Enterprise Call Id,Call_43_192.168.33.164_1527006948998,,,,,,,,,
22/05/2018 11:35:53,cpinzon,record,Received,NiceCssDaSipRecorder,2534,00:07:51,4,0,Conn_78_192.168.33.164_1527006948997,NULL
Enterprise Call Id,Call_44_192.168.33.164_1527006949000,,,,,,,,,
22/05/2018 11:35:53,cpinzon,record,Received,NiceCssDaSipRecorder,2534,00:07:51,4,0,Conn_79_192.168.33.164_1527006948999,NULL
Enterprise Call Id,Call_45_192.168.33.164_1527006949006,,,,,,,,,
22/05/2018 11:35:53,cpinzon,record,Received,NiceCssDaSipRecorder,2534,00:07:51,4,0,Conn_81_192.168.33.164_1527006949006,NULL
Enterprise Call Id,Call_37_192.168.33.164_1527005257949,,,,,,,,,
22/05/2018 11:09:08,fchavez,resource,Initiated,2535,2535,00:01:50,0,94,Conn_75_192.168.33.164_1527005347815,NULL
Enterprise Call Id,Call_38_192.168.33.164_1527005257961,,,,,,,,,
22/05/2018 11:08:52,jbetancur,resource,Initiated,2531,2531,00:02:06,0,113,Conn_74_192.168.33.164_1527005331886,NULL
Enterprise Call Id,Call_37_192.168.33.164_1527005257949,,,,,,,,,
22/05/2018 11:08:11,fchavez,resource,Initiated,2535,2535,00:00:56,0,0,Conn_73_192.168.33.164_1527005291422,NULL
Enterprise Call Id,Call_38_192.168.33.164_1527005257961,,,,,,,,,
22/05/2018 11:08:10,jbetancur,resource,Initiated,2531,2531,00:00:41,0,0,Conn_72_192.168.33.164_1527005290072,NULL
22/05/2018 11:07:40,jbetancur,resource,Received,2535,2531,00:00:29,2,0,Conn_71_192.168.33.164_1527005260171,NULL
Enterprise Call Id,Call_37_192.168.33.164_1527005257949,,,,,,,,,
22/05/2018 11:07:38,fchavez,resource,Initiated,2535,2531,00:00:33,2,0,Conn_68_192.168.33.164_1527005257933,NULL
Enterprise Call Id,Call_34_192.168.33.164_1527005236846,,,,,,,,,
22/05/2018 11:07:21,jbetancur,record,Received,NiceCssDaSipRecorder,2531,00:20:37,4,0,Conn_63_192.168.33.164_1527005236846,NULL
Enterprise Call Id,Call_36_192.168.33.164_1527005236860,,,,,,,,,
22/05/2018 11:07:21,jbetancur,record,Received,NiceCssDaSipRecorder,2531,00:20:37,4,0,Conn_67_192.168.33.164_1527005236860,NULL
Enterprise Call Id,Call_35_192.168.33.164_1527005236854,,,,,,,,,
22/05/2018 11:07:21,jbetancur,record,Received,NiceCssDaSipRecorder,2531,00:20:37,4,0,Conn_65_192.168.33.164_1527005236854,NULL
Enterprise Call Id,Call_31_192.168.33.164_1527005126478,,,,,,,,,
22/05/2018 11:05:29,fchavez,record,Received,NiceCssDaSipRecorder,2535,00:22:23,2,0,Conn_58_192.168.33.164_1527005126478,NULL
Enterprise Call Id,Call_32_192.168.33.164_1527005126483,,,,,,,,,
22/05/2018 11:05:29,fchavez,record,Received,NiceCssDaSipRecorder,2535,00:22:23,2,0,Conn_60_192.168.33.164_1527005126483,NULL
Enterprise Call Id,Call_33_192.168.33.164_1527005126485,,,,,,,,,
22/05/2018 11:05:29,fchavez,record,Received,NiceCssDaSipRecorder,2535,00:22:23,2,0,Conn_61_192.168.33.164_1527005126485,NULL
Enterprise Call Id,Call_28_192.168.33.164_1527004880326,,,,,,,,,
22/05/2018 11:01:45,jmartinez,resource,Initiated,2536,2536,00:01:19,0,0,Conn_55_192.168.33.164_1527004905120,NULL
Enterprise Call Id,Call_27_192.168.33.164_1527004880316,,,,,,,,,
22/05/2018 11:01:45,jbetancur,resource,Initiated,2531,2531,00:01:20,0,0,Conn_54_192.168.33.164_1527004904499,NULL
Enterprise Call Id,Call_28_192.168.33.164_1527004880326,,,,,,,,,
22/05/2018 11:01:23,jmartinez,resource,Received,2531,2536,00:00:22,2,0,Conn_53_192.168.33.164_1527004882789,NULL
Enterprise Call Id,Call_27_192.168.33.164_1527004880316,,,,,,,,,
22/05/2018 11:01:20,jbetancur,resource,Initiated,2531,2536,00:00:24,2,0,Conn_50_192.168.33.164_1527004880303,NULL
Enterprise Call Id,Call_24_192.168.33.164_1527004667914,,,,,,,,,
22/05/2018 10:57:50,jbetancur,record,Received,NiceCssDaSipRecorder,2531,00:06:37,2,0,Conn_46_192.168.33.164_1527004667914,NULL
Enterprise Call Id,Call_25_192.168.33.164_1527004667918,,,,,,,,,
22/05/2018 10:57:50,jbetancur,record,Received,NiceCssDaSipRecorder,2531,00:06:37,2,0,Conn_48_192.168.33.164_1527004667918,NULL
Enterprise Call Id,Call_26_192.168.33.164_1527004667922,,,,,,,,,
22/05/2018 10:57:50,jbetancur,record,Received,NiceCssDaSipRecorder,2531,00:06:37,2,0,Conn_49_192.168.33.164_1527004667922,NULL
Enterprise Call Id,Call_21_192.168.33.164_1527004633062,,,,,,,,,
22/05/2018 10:57:15,jmartinez,record,Received,NiceCssDaSipRecorder,2536,00:06:42,2,0,Conn_40_192.168.33.164_1527004633062,NULL
Enterprise Call Id,Call_22_192.168.33.164_1527004633066,,,,,,,,,
22/05/2018 10:57:15,jmartinez,record,Received,NiceCssDaSipRecorder,2536,00:06:42,2,0,Conn_42_192.168.33.164_1527004633066,NULL
Enterprise Call Id,Call_23_192.168.33.164_1527004633069,,,,,,,,,
22/05/2018 10:57:15,jmartinez,record,Received,NiceCssDaSipRecorder,2536,00:06:42,2,0,Conn_43_192.168.33.164_1527004633068,NULL
Enterprise Call Id,Call_15_192.168.33.164_1527003994079,,,,,,,,,
22/05/2018 10:46:34,cpinzon,record,Received,NiceCssDaSipRecorder,2534,00:10:56,0,0,Conn_32_192.168.33.164_1527003994079,NULL
Enterprise Call Id,Call_16_192.168.33.164_1527003994081,,,,,,,,,
22/05/2018 10:46:34,cpinzon,record,Received,NiceCssDaSipRecorder,2534,00:10:56,0,0,Conn_33_192.168.33.164_1527003994080,NULL
Enterprise Call Id,Call_17_192.168.33.164_1527003994081,,,,,,,,,
22/05/2018 10:46:34,cpinzon,record,Received,NiceCssDaSipRecorder,2534,00:10:56,0,0,Conn_34_192.168.33.164_1527003994081,NULL
Enterprise Call Id,Call_12_192.168.33.164_1527003147226,,,,,,,,,
22/05/2018 10:32:50,cpinzon,resource,Initiated,2534,2534,00:06:04,0,0,Conn_25_192.168.33.164_1527003170043,NULL
22/05/2018 10:32:30,cpinzon,resource,Received,2543,2534,00:00:20,2,0,Conn_23_192.168.33.164_1527003149942,NULL
Enterprise Call Id,Call_10_192.168.33.164_1527003133214,,,,,,,,,
22/05/2018 10:32:13,cpinzon,resource,Initiated,2534,2,00:00:00,0,0,Conn_18_192.168.33.164_1527003133199,NULL
Enterprise Call Id,,,,,,,,,,
22/05/2018 10:31:35,cpinzon,resource,Missed,2543,2534,00:00:00,17,0,,NULL
Enterprise Call Id,Call_1_192.168.33.164_1527002664342,,,,,,,,,
22/05/2018 10:24:28,cpinzon,record,Received,NiceCssDaSipRecorder,2534,00:19:06,3,0,Conn_4_192.168.33.164_1527002664330,NULL
Enterprise Call Id,Call_3_192.168.33.164_1527002664342,,,,,,,,,
22/05/2018 10:24:28,cpinzon,record,Received,NiceCssDaSipRecorder,2534,00:19:06,3,0,Conn_5_192.168.33.164_1527002664330,NULL
Enterprise Call Id,Call_2_192.168.33.164_1527002664342,,,,,,,,,
22/05/2018 10:24:28,cpinzon,record,Received,NiceCssDaSipRecorder,2534,00:19:06,3,0,Conn_6_192.168.33.164_1527002664330,NULL
